0.0, 0.0, -7.696902001294994
0.0, 0.0, -7.696902001294994
0.0, 0.0, -7.696902001294994
0.0, 0.0, -7.696902001294994
0.0, 0.0, -7.696902001294994
0.0, 0.0, -7.696902001294994
0.0, 0.0, -7.696902001294994
0.0, 0.0, -7.696902001294994
0.0, 0.0, -7.696902001294994
0.0, 0.0, -7.696902001294994
0.0, 0.0, -7.696902001294994
0.0, 0.0, -7.696902001294994
0.0, 0.0, -7.696902001294994
0.0, 0.0, -7.696902001294994
0.0, 0.0, -7.696902001294994
0.0, 0.0, -7.696902001294994
0.0, 0.0, -7.696902001294994
0.0, 0.0, -7.696902001294994
0.0, 0.0, -7.696902001294994
0.0, 0.0, -7.696902001294994
0.0, 0.0, -7.696902001294994
0.0, 0.0, -7.696902001294994
0.0, 0.0, -7.696902001294994
0.0, 0.0, -7.696902001294994
0.0, 0.0, -7.696902001294994
0.0, 0.0, -7.696902001294994
0.0, 0.0, -7.696902001294994
0.0, 0.0, -7.696902001294994
0.0, 0.0, -7.696902001294994
0.0, 0.0, -7.696902001294994
0.0, 0.0, -7.696902001294994
0.0, 0.0, -7.696902001294994
0.0, 0.0, -7.696902001294994
0.0, 0.0, -7.696902001294994
0.0, 0.0, -7.696902001294994
0.0, 0.0, -7.696902001294994
0.0, 0.0, -7.696902001294994
-0.029514322489630374, 0.019232406914080347, -7.556603245562078
-0.0452101860258578, 0.018674401635483173, -7.479493217929101
-0.06280220728227626, 0.018771204456375923, -7.400816247641269
-0.08242331057670782, 0.019526470920717687, -7.320541969971611
-0.10379794384862606, 0.01903732665078328, -7.238550627959307
-0.127346485021536, 0.018562687307933423, -7.154868750780925
-0.15357867843202921, 0.01970892663971635, -7.069562381138963
-0.1818191175015409, 0.0186389956363755, -6.982395207697978
-0.21304657550479789, 0.019009407672498924, -6.893565394717423
-0.24695777105573757, 0.018595245960963735, -6.802928530281029
-0.28422650743368294, 0.01955916728121876, -6.710627055697758
-0.3241728777844175, 0.017896222570537024, -6.616393184015392
-0.36816768658071997, 0.018837016881267044, -6.520623016468524
-0.4156166969972954, 0.018676748321681202, -6.42307766070343
-0.46703061237256316, 0.01867115474736747, -6.3238965431882885
-0.5223910940240377, 0.017657535358536203, -6.223049908682384
-0.5824335001438707, 0.0178656286323553, -6.120811835715369
-0.6471029749366468, 0.017921327078537885, -6.017172103304825
-0.7165977949830586, 0.01756422305073757, -5.9122193208096085
-0.7911485824775029, 0.016725361151647133, -5.806106855994555
-0.8711243349822286, 0.015961539393653856, -5.699058428769172
-0.9568744838209295, 0.015845115710648727, -5.591362834544523
-1.04840621262779, 0.01531421573962044, -5.483121509850168
-1.146135542162107, 0.015430581422258838, -5.374750128911572
-1.2498642117145788, 0.014264092279424823, -5.266285672567038
-1.3600776455668147, 0.013504130787349355, -5.158297182359297
-1.4767343122236514, 0.012275264189581137, -5.051009397483737
-1.600074366533518, 0.011474076798040134, -4.9449603573943595
-1.7300295045525766, 0.010524513702900418, -4.840468255623055
-1.8665507170856923, 0.009309665406155077, -4.737968018903814
-2.009711603579462, 0.00868394969575137, -4.638042939470177
-2.1590464313286573, 0.006719003861765271, -4.54084352450203
-2.3148422479107618, 0.006514585630714054, -4.447372245537366
-2.476342839203715, 0.004968595198150405, -4.357542623732661
-2.6434569076854055, 0.0038096166868066828, -4.272124772599801
-2.815786375484959, 0.003116823977707517, -4.191547612065403
-2.9926692655170544, 0.0014642749269278, -4.115936738584969
-3.1737960036026154, 6.710365287709852E-4, -4.046000314256373
-3.3585304008998484, 2.843793000328887E-4, -3.98194194332866
-3.5460387998572007, -0.00165854940859389, -3.9236269816396163
-3.735825550355806, -0.004006003204801933, -3.8714509816190277
-3.9274124573482494, -0.004632972505696387, -3.8259640329520583
-4.119971090239827, -0.005434621256213967, -3.786817523934522
-4.312862316599965, -0.006223644209024437, -3.7540366442646818
-4.505456260456283, -0.006892924311166171, -3.7275696387314294
-4.697029443152774, -0.009110770640842203, -3.706967574563209
-4.887218923611179, -0.010096309024757888, -3.6925831513785505
-5.075478997255594, -0.010497180342950108, -3.6840421230426976
-5.261342437882747, -0.010409682473672799, -3.6810584737048346
-5.444341002552257, -0.01092237880629221, -3.6831462129981265
-5.624165161718636, -0.012000132938623675, -3.689992846689938
-5.8005956212486325, -0.012504528742822263, -3.7014845235952842
-5.973403223212146, -0.012290047713387153, -3.7173264531152435
-6.142366662221168, -0.012486407987229775, -3.7370039798991455
-6.307388645518861, -0.013356964367523094, -3.7601518237882408
-6.4684456108745, -0.013550051929126727, -3.7867077866276575
-6.6254960377786, -0.012954700426707433, -3.816412881117243
-6.778501572017187, -0.013088163220370985, -3.848757133059196
-6.927535563958832, -0.013712989678390297, -3.883533392535847
-7.072681189009053, -0.013688031513558574, -3.9207138425843926
-7.214008795953165, -0.012931463764801254, -3.9601196209012715
-7.351589460670571, -0.013228621808009322, -4.001303226144552
-7.485575762576504, -0.013878107066283674, -4.044218024088169
-7.6160960306924395, -0.013977596044369989, -4.088875585001738
-7.7381209120250345, -0.011615338704695555, -4.140869059709022
-7.854541423801946, -0.009365685975650129, -4.2013789924687455
-7.97299620092898, -0.007907708701803795, -4.266961895797451
-8.093486281159445, -0.006236792039514993, -4.33799047038795
-8.215982740630269, -0.004353163801736004, -4.414697793280965
-8.340426398832111, -0.0022618373743497067, -4.49732143345971
-8.466749963263911, -0.0015318542308062622, -4.585893740797809
-8.594843938124937, -0.0013855961908295633, -4.6807595924983545
-8.724510089458434, -0.001037241342010109, -4.782263164785006
-8.855471840999684, 1.4744568267710534E-4, -4.890714774761758
-8.98752812490174, 0.0013945080584094605, -5.006198256098958
-9.12035828419178, 0.002668224079858561, -5.1288850483694794
-9.253589781885537, 0.0037616914367388787, -5.25889385664818
-9.38684592888149, 0.003189409089971784, -5.39616558504497
-9.519620672660821, 0.0023596216348231724, -5.540904094241263
-9.651377188186505, 0.0012454275481637023, -5.693091970837482
-9.781377853044003, 0.0010900159821718436, -5.852775109720708
-9.909054930058616, 0.0015511370159246862, -6.019721434876045
-10.033844715197464, 0.0019477934647702533, -6.193589501480756
-10.155078686375173, 0.002163743859388889, -6.374013928737268
-10.272174447759895, 4.7615111175480784E-4, -6.560419408530809
-10.384418082593193, -0.0013630476443373674, -6.752398436218065
-10.491173706734795, -0.0032509889798824076, -6.94931802094616
-10.591604322818013, -0.0033880878608845144, -7.150558376343982
-10.685425948698349, -0.0032155226159904515, -7.355206822216022
-10.772206270372568, -0.0031503637300813736, -7.562385173099707
-10.851677993062566, -0.00481489922046241, -7.771140476687476
-10.923494812149501, -0.006201458597878906, -7.9806519518476104
-10.987466790827346, -0.007140947771395956, -8.190007665782694
-11.04349378170459, -0.007435995806550633, -8.398313018539163
-11.09158411472283, -0.007391001495652194, -8.60470018153096
-11.131950683821032, -0.009178894714213737, -8.808346697747908
-11.164656348653978, -0.010346808874033497, -9.008569810795962
-11.18990778498461, -0.01075251957205059, -9.204713125246231
-11.207952159385876, -0.010231073347224617, -9.39620212862134
-11.219128739825036, -0.01012036167363406, -9.582558535856949
-11.22381017008064, -0.011128566778669358, -9.763414902726383
-11.222246907591423, -0.011438470523609245, -9.938455138958787
-11.21474426546294, -0.010976115334750736, -10.107444394226075
-11.201590696374677, -0.009652997179869782, -10.270217541177038
-11.183115214280184, -0.009311300933655398, -10.426722897452251
-11.159589132077889, -0.00969371907261185, -10.576937741933211
-11.131197827092148, -0.009526562399985394, -10.720843408891852
-11.098126492666164, -0.00879340573981291, -10.858487267169437
-11.060525845796102, -0.007476729552665651, -10.989948648464647
-11.018511983711154, -0.005559414022898279, -11.115332435714471
-10.972211837321439, -0.005354141243705035, -11.234863476418463
-10.92166599579624, -0.005002358542183449, -11.34862738153166
-10.866892562882615, -0.004267190161601375, -11.456771836238955
-10.807883260615382, -0.0031719549927196056, -11.559464037844773
-10.748706091301255, -0.002312321445861576, -11.664437872292652
-10.688784977149275, -0.0018702559820253928, -11.777652400747048
-10.622448461421328, -0.0014031965678129588, -11.896877593765502
-10.549468757785416, -9.773676853268576E-4, -12.021772040679107
-10.469595558983837, -6.689677611686484E-4, -12.151965091885579
-10.382561598736862, -0.0011073925209772462, -12.287081913405293
-10.288093017952026, -0.0026945477342958934, -12.42669332925286
-10.185910001419611, -0.004760263928988984, -12.570238717910101
-10.07551823763048, -0.0053191666304162055, -12.716867250785196
-9.956862782884562, -0.0057996054152773535, -12.866095872904001
-9.829789294073551, -0.006717008670373392, -13.017254639485717
-9.694141379634727, -0.008128320572686087, -13.169540031254375
-9.549829265809148, -0.010068000601766158, -13.322073670380068
-9.396847429653144, -0.012543676203275789, -13.47390832846553
-9.235150164309772, -0.013575342392646794, -13.623733950035199
-9.065072363751305, -0.013824869480284052, -13.770617669207985
-8.887056644979895, -0.014247163822885378, -13.913656365714937
-8.701507052858258, -0.016646662028968917, -14.051970879246285
-8.509109880399931, -0.019664219910239922, -14.18443477664153
-8.310642063883833, -0.022857608086582992, -14.310051793422414
-8.10699427150152, -0.026055627689998362, -14.4279397898441
-7.899118771881666, -0.02735777725061883, -14.537021464323722
-7.688187852777821, -0.028020573886116118, -14.63694127881493
-7.475349951726324, -0.028134557423681317, -14.727281214332343
-7.261579256426557, -0.029626035320149402, -14.80794201386573
-7.04805627089171, -0.03176936584480483, -14.878749905687808
-6.835947240783564, -0.03337533367940071, -14.939620608533147
-6.626258062863595, -0.034264525351267006, -14.990708972015764
-6.419894794265962, -0.03423558670486804, -15.032288954909141
-6.217637552168405, -0.033137286830699164, -15.064736042388471
-6.019719663216951, -0.034736930176548775, -15.088900771456494
-5.827001277228435, -0.035669973656558884, -15.104990725913726
-5.639855612491253, -0.03586050167664401, -15.113544245445425
-5.458529868755223, -0.035219181746886985, -15.115101485792042
-5.283157488681364, -0.03362316084316275, -15.110183688801609
-5.113429800256128, -0.0335754190385551, -15.099520933689995
-4.9493867647866345, -0.034093845844368476, -15.083495455803352
-4.791136712063688, -0.03252874110128734, -15.062164337778679
-4.638379140374327, -0.030284233381835834, -15.036160782643899
-4.490854183210445, -0.027318283437880675, -15.005799599781467
-4.348268174947583, -0.02354742689472733, -14.97133655914709
-4.209756506501421, -0.02272576947348215, -14.933312654108398
-4.075423329111845, -0.021599089892568202, -14.89162045302827
-3.9449107249259656, -0.020082959607855555, -14.846365127544491
-3.817842706271492, -0.0181558168350604, -14.797610139392958
-3.6938386257508826, -0.015791705465511674, -14.745373759539206
-3.5725147666291703, -0.012967524624480475, -14.689631580509527
-3.4534861918765514, -0.00966096089780022, -14.630317666523409
-3.336243617449274, -0.00662329831847841, -14.567380449016033
-3.220278005133339, -0.0045886134231438724, -14.50073097250146
-3.1072815310847166, -0.003479590601893179, -14.436699554171849
-2.996143793964683, -0.0035262882087445657, -14.375579689592904
-2.8842047588148936, -0.0035390287981742485, -14.310929194109391
-2.771682537022236, -0.0035110431472025194, -14.242696980357557
-2.6588040869895857, -0.0034317161389301187, -14.170843779567097
-2.545804542413074, -0.0032865215318833574, -14.09534357745979
-2.4329267648137938, -0.0030542506993851415, -14.016184750847769
-2.320420333215173, -0.002706502343595485, -13.933371328976296
-2.208540239722825, -0.0022077323873346266, -13.846924210010872
-2.0975464250556115, -0.0015091457539773145, -13.756881701307286
-1.9877025731545617, -5.46154115938835E-4, -13.66330018841276
-1.878868785561072, -0.0014624698449732243, -13.566377504196627
-1.7716264830759743, -0.0024054094570069573, -13.466113393037809
-1.666233889990207, -0.0032841140211381514, -13.36262237347325
-1.562930159623443, -0.004072148310609203, -13.256042220508919
-1.4619462004306785, -0.0047357082529402295, -13.146529224707923
-1.3635016788275376, -0.005238610988899328, -13.034257613495651
-1.267804801554555, -0.005532512201989803, -12.919417558176084
-1.1750495082058814, -0.00556234013961987, -12.802214020625751
-1.0854155611766823, -0.005257121900428707, -12.682864331908874
-0.999068466960634, -0.004523389313433546, -12.561595812432166
-0.9157540543832718, -0.005301771541480038, -12.438712205089452
-0.835724799872775, -0.006833387083651443, -12.314432331312492
-0.7592367445885886, -0.008244819425108352, -12.18897479588825
-0.6863576931756565, -0.009514578543814434, -12.062587641534934
-0.6171353385326936, -0.010615935740058813, -11.935516977287573
-0.5515973863422792, -0.011518902645633267, -11.808004710049232
-0.489755077713653, -0.012176492430298946, -11.680285758744503
-0.4317742506999531, -0.01166069653558477, -11.552532651075989
-0.3777179301121789, -0.009488213484782015, -11.424933002025352
-0.3265873826709429, -0.010373296862314474, -11.297833988931451
-0.2789623661725935, -0.011126713656763876, -11.171369103617947
-0.23476456472161633, -0.011748539229755828, -11.045715666594187
-0.19390591937599755, -0.012231759312482549, -10.921035720097564
-0.1562912162830381, -0.01255810505481847, -10.797475595106652
-0.12182087107067296, -0.012692753017885083, -10.675165710808573
-0.09039546212893157, -0.01257017007096306, -10.554220616317586
-0.06170327383223384, -0.013136554779076492, -10.434738084820637
-0.035700877069058556, -0.014001094315600149, -10.316725762899994
-0.01253510323914675, -0.013868339946918828, -10.200301605490907
0.008140399727511571, -0.01383416124545267, -10.085557559231258
0.026446313137527433, -0.01388834596883215, -9.972536067398423
0.042497439507904744, -0.013998950219552775, -9.861267477727303
0.05640248893848998, -0.01411503385333801, -9.751771127713656
0.06825970729792985, -0.014148383242446272, -9.644056535285873
0.07810887886793072, -0.01374203017477571, -9.538061496229867
0.08618858654524342, -0.01353135183044274, -9.433812535604902
0.09264110032840644, -0.013697949190478953, -9.331324627219594
0.09755989375239871, -0.014206642593761032, -9.230573946741117
0.10103265392420901, -0.015016789858308455, -9.131531056877074
0.10313912618331766, -0.01607140966493681, -9.0341634539407
0.10358682056703028, -0.015376056690952433, -8.938977718487255
0.10210145690715944, -0.010955063250656538, -8.84647890413932
0.10050846773420652, -0.011289203383181734, -8.756492015298017
0.09810127481313557, -0.01243408627991327, -8.669021401036025
0.09490952732560487, -0.014101291124743787, -8.583998850586388
0.09100513103515429, -0.01624272576675634, -8.50134823689606
0.08588203507915981, -0.01596911783987709, -8.421038985758084
0.07962049148845907, -0.013317326426866671, -8.343001457802107
0.07287889456846752, -0.011232253346949994, -8.267107825431035
0.06567834437708164, -0.009523599403573613, -8.193278911832397
0.058673542431048276, -0.011196432298729242, -8.121347686927212
0.05152321862949627, -0.014311762231682623, -8.0512802770857
0.0431230771614306, -0.013097235890588088, -7.98314327635688
0.03441286259910736, -0.012054471020443103, -7.916752507207046
0.025543626269711517, -0.011757207831099903, -7.8520127978079115
0.01651992201693986, -0.012061845305849861, -7.788848312676496
0.007347557112858283, -0.012847531744916818, -7.727184575372959
-0.0019691008638211827, -0.014000986511047753, -7.66694895634747
-0.012707480587222264, -0.00889064453317201, -7.6082843677023275
-0.022941607238937678, -0.007186389790096559, -7.550815391401153
-0.0328576717853899, -0.007853656081743265, -7.494500565655825
-0.042796025023703166, -0.009078261971097845, -7.439328803934275
-0.052762250464320815, -0.010755270277781115, -7.385236482750901
-0.06276038224151037, -0.012796271625573175, -7.332161608970999
-0.07327098509931584, -0.012659465326869013, -7.280138205310259
-0.08426559842685499, -0.010422446508772776, -7.229108952937193
-0.09519738212382922, -0.008857676581188079, -7.178909471579802
-0.10608973851539183, -0.007804819091350668, -7.1294870968992425
-0.11696059615357068, -0.007137266272187581, -7.080790040273614
-0.12782428275487057, -0.006751826973652841, -7.032767612202596
-0.13869297396510039, -0.006560715913420001, -6.985370394584528
-0.14941519466631803, -0.007327521463087239, -6.938520462595932
-0.1603668091310828, -0.007061096561602254, -6.892260951106718
-0.1714910898351878, -0.006052670342812316, -6.846523274850045
-0.18256825027896628, -0.0054439592674833115, -6.801209904091765
-0.1936157859001426, -0.005137033357522469, -6.756279019418971
-0.2046479290640173, -0.005053414380909338, -6.711689501640702
-0.2156764935094948, -0.005129445399471466, -6.667401006969182
-0.22671159768797455, -0.005312332631525862, -6.623374035156145
-0.23776206863644944, -0.0055578948936823025, -6.579569936187564
-0.24883579913266196, -0.005828583907428131, -6.535950913638977
-0.25993976916440964, -0.006093296047384733, -6.492479956454524
-0.27108049555149716, -0.006324951412181701, -6.449120869506114
-0.28226397677181936, -0.006500753062717468, -6.405838191188044
-0.29349598763977447, -0.006600622842348969, -6.362597189528563
-0.30478152951246074, -0.006610126413094886, -6.319363664362976
-0.31612547748061903, -0.006517092483710574, -6.2761040203042056
-0.3275332466088843, -0.0063081432973859375, -6.232785337723541
-0.3390099609058028, -0.005973183637727253, -6.189375098937933
-0.35087954454470616, -0.005674128379423937, -6.144563901140365
-0.3642554425148825, -0.005394662463737543, -6.094089614963016
-0.38061099832292644, 0.002412479141901347, -6.042567053318526
-0.3985963943524098, 0.011071961525381369, -5.9864212938005625
-0.4182005351150959, 0.020583151523645427, -5.9258923015903555
-0.4394081883268859, 0.030922984037779155, -5.861216931416778
-0.46220037636908895, 0.04205287979256478, -5.792629163850224
-0.4862984317373096, 0.052722812984868916, -5.720275542494021
-0.5116200666022497, 0.06269894570941914, -5.644353559361801
-0.538592171679829, 0.07406516230902072, -5.565243365250099
-0.5671564398870785, 0.08660759706434251, -5.483170585289903
-0.5972580131871448, 0.10015563325178523, -5.398360994096592
-0.6288470045479562, 0.11458725582942009, -5.311042822010014
-0.6618731056848866, 0.12980454582504652, -5.2214458088407145
-0.6962854501227076, 0.14573335175710556, -5.129802323203718
-0.7320320069275956, 0.16232095205407315, -5.036348220069678
-0.7690592300521004, 0.17953485556962745, -4.9413237695280685
-0.807308726909584, 0.19735029448539976, -4.84497298660863
-0.8465528514159049, 0.21514439116906336, -4.747461928175968
-0.8870703288045014, 0.2342154732931383, -4.64923101108696
-0.9287819577893055, 0.2544938275878792, -4.550530692412704
-0.9714378914357251, 0.27535296601763815, -4.451531668580099
-1.0149406986039118, 0.2967706315972949, -4.352498433004366
-1.0591884690533888, 0.3187419507910909, -4.253703520887694
-1.1040735918224698, 0.3412749103376571, -4.155427501130396
-1.149481699196432, 0.36438667035689143, -4.057958942609945
-1.1952906669961862, 0.38810023476812816, -3.9615942950201957
-1.2413696244373256, 0.41244125695139733, -3.8666376515768786
-1.2875779458697716, 0.43743484152116885, -3.7734003659638975
-1.3337642040297624, 0.4631022366469666, -3.6822004941267554
-1.379765070578454, 0.4894573348432578, -3.593362028770991
-1.4252970963820273, 0.5161894332561783, -3.507144452306476
-1.4697036439968514, 0.5419530472212846, -3.4235694205901277
-1.5132086377853264, 0.5680062079057362, -3.343241580448577
-1.5555926998484635, 0.5943133103270837, -3.2664941215479226
-1.5966240043178388, 0.6208224490639913, -3.19366184145285
-1.6360612330169113, 0.647470816902127, -3.1250816543365474
-1.6736487862438336, 0.6741678708478331, -3.0610873014296853
-1.7091275279725444, 0.7008208446775535, -3.0020147464396736
-1.742230704967871, 0.7273182298312437, -2.948196718896752
-1.772689191715358, 0.7535383355542176, -2.899963633452108
-1.8002333995938837, 0.7793478016501441, -2.8576416123686625
-1.8245976951068874, 0.8046062840494752, -2.8215522324135938
-1.8455254580148361, 0.8291721074573943, -2.7920124703802065
-1.8627722081210916, 0.8529024183750686, -2.7693330487705916
-1.8761093399322144, 0.8756547005493736, -2.753816941228761
-1.8853282744915667, 0.8972895285366032, -2.745758347049655
-1.8902433308458857, 0.9176700515926797, -2.7454404055661703
-1.890693693051511, 0.9366595802603799, -2.7531322510538008
-1.8865441357768402, 0.9541163990355526, -2.769084967803103
-1.8769879100691966, 0.9683588894466388, -2.79345235729644
-1.8642228342953242, 0.9815163003726473, -2.8239395450348983
-1.8503655667859853, 0.9949156818167588, -2.857210754908672
-1.8354558135369352, 1.0084703862632982, -2.893165306408969
-1.819533800126215, 1.022092826790996, -2.931699693662037
-1.8026397948941613, 1.035693852742798, -2.972707488975102
-1.784813728562174, 1.049182322858342, -3.016079319196866
-1.7660949006216216, 1.0624648511674568, -3.0617029079686144
-1.745503766477344, 1.0725561761698073, -3.108464783743732
-1.723404591013118, 1.0802100692469048, -3.1565285337946074
-1.700788900873114, 1.0880254530202849, -3.206702129045145
-1.67761556704993, 1.095691313264712, -3.25879012229926
-1.6540308470471317, 1.103466023474521, -3.312821916144168
-1.630753284905336, 1.1134100769203896, -3.3695533300834466
-1.605865245876143, 1.1194858208428995, -3.4266103068917104
-1.5803114247567516, 1.1243104224087452, -3.4848589956574516
-1.5545776784618655, 1.1291934590872743, -3.544689670851116
-1.5286185302491635, 1.1338347484409899, -3.6059074014828303
-1.5024071484032087, 1.1379885191501073, -3.6683375377201735
-1.4751403743785776, 1.1388247428856713, -3.73079336629165
-1.446923896156922, 1.1364361146114321, -3.793241148106839
-1.4198826288980486, 1.137911443537413, -3.85848095816497
-1.3927890459758174, 1.1389492652048738, -3.924644067571691
-1.3656133779794342, 1.1393171471503987, -3.991564424562586
-1.3375668788467623, 1.1360271960297137, -4.057959376433198
-1.3094425938739205, 1.1317471693806445, -4.124856552112208
-1.2814495517043465, 1.1271256591591317, -4.192446974099495
-1.2537541683379585, 1.1227353593919993, -4.260927578667217
-1.2261445596571772, 1.1176918037373897, -4.329864474246367
-1.1983465820475079, 1.1108022442377306, -4.398690855943252
-1.170761880423015, 1.1035553220038707, -4.467971296421084
-1.1433289593735942, 1.0956341349521153, -4.537512755133824
-1.1159374193664524, 1.0864973050497966, -4.607029627175354
-1.0886930926918685, 1.0765660190117128, -4.676700823264702
-1.0617354380193804, 1.0663742482124863, -4.746679091093859
-1.0349512979307525, 1.0553715362044525, -4.816668322820369
-1.0083302443988238, 1.0434609494993805, -4.886582214722432
-0.9819748817371039, 1.0311302391048711, -4.95662638890804
-0.9558005417536641, 1.0179708746513874, -5.026596440772101
-0.9297822230179813, 1.0037737298800098, -5.096320036032301
-0.9039365178787344, 0.9885865293590499, -5.165783085228127
-0.8786007357778018, 0.9742614603123623, -5.235824297620793
-0.8535300752397639, 0.9596066287517702, -5.305909631120787
-0.8283233969935218, 0.9422412414000054, -5.374853304740125
-0.8032891364001449, 0.9238444330842286, -5.443398887036112
-0.7788375622955348, 0.9070078055527864, -5.512759115504769
-0.754791268305623, 0.8908935720156304, -5.582559176753982
-0.7305729400681029, 0.8717475166244941, -5.650968613504436
-0.7063328574861432, 0.8503488479771095, -5.718298450411529
-0.682567498612606, 0.8302173796235477, -5.786233280916928
-0.6593731938330825, 0.8124447574576534, -5.85532861775616
-0.6362002919776222, 0.7930734379657778, -5.92363748426202
-0.6126934799508819, 0.7690049774998573, -5.989580837067653
-0.5893663613809492, 0.7442212541171753, -6.055077696645331
-0.5668813379269988, 0.7250194335690439, -6.123291524337015
-0.5446118726782387, 0.7063318751136065, -6.19169395328084
-0.5217955321877703, 0.6805307293449603, -6.256411930273069
-0.499087054438597, 0.6536565658617508, -6.320422974027407
-0.4766351798261219, 0.6274644163143708, -6.384604258015571
-0.4549038555268261, 0.6082798560757194, -6.452243087094084
-0.4329554908445292, 0.5851582801567619, -6.51768572228684
-0.4107516509046629, 0.5567765163891665, -6.580176665757567
-0.38868532776719, 0.5281991768183385, -6.642294069394672
-0.3667715209843081, 0.4998822597437147, -6.704255135474165
-0.3453769910239348, 0.4795060940550848, -6.770160866152637
-0.3237030811259256, 0.45278681197894777, -6.832410584784431
-0.30200089221288273, 0.4234259595025971, -6.892879412384523
-0.2804013400865504, 0.39417687393017853, -6.953000812662659
-0.2589084892110627, 0.36552606546833766, -7.013011205103278
-0.2375199855994783, 0.338095198808982, -7.0732262496469
-0.21613605426708382, 0.30824039279139104, -7.131636619605978
-0.19483584861356995, 0.27922616103677367, -7.1899918560987786
-0.17360740863545843, 0.250244038111719, -7.247779203656814
-0.15245166424511147, 0.22177921119172095, -7.3052327258377385
-0.13136087482231673, 0.19433103951819763, -7.362599509707072
-0.11033178974457236, 0.16687735939293535, -7.419264059158537
-0.08946480849037464, 0.13300321444828622, -7.47149396681011
-0.06873730686763047, 0.09964544619310844, -7.523175640536568
-0.048149608375947395, 0.06695574460127895, -7.574353192383413
-0.027701086125148322, 0.03509144717933799, -7.625074743166062
-0.007377229293187071, 0.004572914891613156, -7.675603623117171
0.012990714440960005, -0.020502622113319324, -7.728331455083275
0.033199484440203264, -0.04586824754781316, -7.779830789775017
0.05290337899845099, -0.07766855464291367, -7.826345225047802
0.0723760393897166, -0.10882717433720868, -7.872028560529921
0.09160261513328294, -0.13926657235845563, -7.916877293356913
0.11056691850557154, -0.16891760598709138, -7.960883289141971
0.12925106479509285, -0.19772238674005105, -8.004031978295057
0.14763526765928958, -0.22563421132076522, -8.046302308633308
0.1656976488245565, -0.2526175516072918, -8.087666661422023
0.18341395326701182, -0.27864963919701236, -8.128089835228488
0.2007573973592649, -0.3037200230734264, -8.167529201015935
0.21769827530079588, -0.32783360257017147, -8.20593281824605
0.23409473600784114, -0.3521275101195974, -8.242534604859507
0.24973919996427707, -0.37820119045663936, -8.276269551087221
0.2648556583955015, -0.4033272240457366, -8.308809864901017
0.27941144194463696, -0.4275122636044659, -8.340108800588835
0.29337241225717925, -0.4507717532803538, -8.370115167367208
0.3067018291209145, -0.47314140161144247, -8.398766316849944
0.31936087973061866, -0.49467228563321275, -8.425991321587412
0.33125749619721034, -0.5153408489845098, -8.451597453721249
0.3429850017919094, -0.5314869744612403, -8.478330431124837
0.35440035837541295, -0.5468559095576446, -8.50463295244381
0.365496096481035, -0.5615268938270159, -8.530485615786606
0.3762678637473691, -0.5755537159932933, -8.555885820570039
0.3867053569709098, -0.5890391621363648, -8.580801943579575
0.3967981145667485, -0.6020867842652298, -8.605203732157992
0.40653289000017256, -0.6148220540955183, -8.629049834489301
0.41589130784616213, -0.627410112168165, -8.652277944314532
0.42484873805556944, -0.640063345953967, -8.674801602998796
0.43337268846644683, -0.6530536807518822, -8.696505064031157
0.4414234160553754, -0.6667038533559542, -8.71724975441843
0.4500137317194959, -0.6731037739797191, -8.741562858635934
0.4582707400512467, -0.6791941733176399, -8.765475887321097
0.46617839839748143, -0.6851203791698072, -8.788939045220168
0.4737165279921465, -0.6910590649813464, -8.811888917833413
0.48085866170829217, -0.6972348196489866, -8.834240879516718
0.48756916393651295, -0.7039424326447582, -8.85587937702264
0.49379904988780776, -0.7115792319361839, -8.876644230362587
0.5001547446822636, -0.7154422364666138, -8.899013558384025
0.506496635942697, -0.7164454436681252, -8.92240822097983
0.5123917989210893, -0.7180701177442987, -8.945088482169831
0.5178583447528151, -0.7202386797448563, -8.967153611166058
0.5228589371801577, -0.7232581129860888, -8.988497889491107
0.5273435111010647, -0.7275404630519202, -9.008976854317906
0.5314971398833324, -0.7316527908829861, -9.02932323806116
0.5363711973066199, -0.7272659946492652, -9.053371942568367
0.5408425881576528, -0.7231620851282742, -9.076967473900577
0.5448862767088833, -0.7195385736085913, -9.100050894960379
0.548473233889391, -0.7166320568104501, -9.12255408690297
0.5515663964426212, -0.7147529553115481, -9.144387470466592
0.5541167719308362, -0.7143221112279811, -9.165429786831348
0.5573938345652403, -0.7045286924475516, -9.189968700458577
0.5602902129995497, -0.6945635767202074, -9.214215096779679
0.5627477742951283, -0.6848925517917529, -9.237997049189048
0.5647475038727645, -0.6756601361531873, -9.26127726101247
0.5662680830443909, -0.6670416807606753, -9.284013605552177
0.5672847678270525, -0.6592558204257467, -9.306156807001246
0.5682620322666434, -0.6478729348962008, -9.32913920450894
0.5693022716256051, -0.6316531900046999, -9.353205487726
0.5698845800728876, -0.6154332105161537, -9.376758382045146
0.5700004861058616, -0.5992623637039448, -9.399775687253653
0.5696402880425202, -0.5832120763491514, -9.422230160502176
0.5687966271741205, -0.5673448757700099, -9.444099890989856
0.5674624076215524, -0.5517359261375138, -9.46536238892206
0.5657061402894072, -0.5356158780078875, -9.486186626920393
0.5640641009955036, -0.5126721678439241, -9.50786708157335
0.5619433376150065, -0.4894816208922363, -9.528822698374029
0.5593450277677228, -0.4660485594955876, -9.549026767590123
0.556269909572582, -0.44239944010493637, -9.568448228263842
0.5527223090036113, -0.4185403651198909, -9.587061582796872
0.5487075486650719, -0.3944858927802889, -9.604840635104917
0.5442326634353263, -0.37025183062869305, -9.62176040419018
0.5392878236006586, -0.34606731383733, -9.637757609407842
0.5337515067911571, -0.3235224877548743, -9.652542939985993
0.5280031690604607, -0.2976071844242543, -9.666755877512177
0.5219975002953205, -0.2688937192443227, -9.680201334256342
0.5155750200941567, -0.24006275152556444, -9.692579792880082
0.5087533248129796, -0.2111447235442931, -9.703879299773742
0.5015518926480356, -0.18216871403890336, -9.71409221875489
0.4939916936445172, -0.1531679364670164, -9.723215309474572
0.4860952983235398, -0.12417472506337768, -9.731250104989066
0.4778866852420842, -0.09522106851426629, -9.73820302861552
0.469390953609075, -0.06634062111504754, -9.744085431439839
0.46063459200817203, -0.03755872888511405, -9.748913723781577
0.45164459845233296, -0.008905806737289468, -9.752709055488967
0.4424487027928894, 0.019592134463500055, -9.755497322647575
0.43307502757742355, 0.04791168425472764, -9.757308885382422
0.42355185186348, 0.07603236112973363, -9.758178265910477
0.4139073754726059, 0.10393668041380119, -9.758143838078631
0.40416948279357534, 0.13161100826212846, -9.757247251401981
0.3944066743478425, 0.16134585739173923, -9.755225639256963
0.3845987855129529, 0.19126520898963234, -9.752309462210608
0.37476240726231325, 0.22091081790639122, -9.74860407356609
0.36491065954539703, 0.24982064232886264, -9.744200089594834
0.35498048284585426, 0.2739381549316063, -9.739555511462195
0.3451236171123693, 0.2978779294233759, -9.734395252841425
0.335359429649567, 0.3216584861432979, -9.728767362143092
0.3257056043379265, 0.34530266286039785, -9.72271883329825
0.316178065864845, 0.3688315029053884, -9.71629626525618
0.3067910241632701, 0.39226770477763045, -9.709545011987547
0.29755703621940555, 0.41562400335456173, -9.702511487106428
0.28848705494436455, 0.43892433434732814, -9.695238542972424
0.27959052651428973, 0.46218258599766227, -9.687769820022245
0.27089638208938993, 0.4804463135966513, -9.68116008086222
0.26243417247736556, 0.49623096386384, -9.675068097120114
0.25419891776031545, 0.5125472993779097, -9.668931800481467
0.24618996180518504, 0.5293406932933198, -9.662783525216167
0.23840652918403116, 0.5465598007331146, -9.656656122269577
0.23084757752605878, 0.564165207020673, -9.650580526473885
0.2235118982382005, 0.5821189447007978, -9.64458773045305
0.21653549444889197, 0.5945210525582616, -9.640326780186964
0.20985183791368023, 0.6051641591782775, -9.636793442959426
0.20331970144458733, 0.6191852059151431, -9.632486643285663
0.19700802365171022, 0.6340219760058419, -9.62827850718635
0.19091292284554218, 0.6495382520733715, -9.624211526602734
0.1850309987412695, 0.6656247864162994, -9.620323128904225
0.17945309349710659, 0.6797152949203612, -9.617425997083219
0.17435685400797585, 0.6877041734611924, -9.616887938494962
0.16945729417303212, 0.6971961398974748, -9.616342716114408
0.16472383192414153, 0.7077440406933387, -9.615524620689264
0.1600572989827853, 0.7191155338837907, -9.614002707870034
0.15538558541573444, 0.7313531128865365, -9.611676390774049
0.15093162826679674, 0.7401802977748984, -9.61008034501905
0.14683057392193, 0.743682403974347, -9.609982638394126
0.14268437992418193, 0.7493612527263542, -9.608780912644207
0.13849627383196772, 0.7568543593344881, -9.60661058634571
0.13426672369859016, 0.7658932799979812, -9.603578237288758
0.13034063479188873, 0.7711973940726837, -9.601690793769748
0.12690972674241507, 0.7705319478069511, -9.601867478391968
0.12334942235894353, 0.7729757438733695, -9.60069373777248
0.11942342223058056, 0.7809431577775424, -9.597022234927962
0.11536411053148399, 0.791029058495773, -9.59233090560555
0.11207497702538216, 0.7922637430093554, -9.590921470424401
0.10874209817313574, 0.7948913032605153, -9.588864989382145
0.105220807118096, 0.8002729730496478, -9.58562842080618
0.10154032074607855, 0.8077457698617424, -9.581468389497422
0.09836035188640313, 0.8104167351855596, -9.579167755218672
0.09562118416668586, 0.8093479017750954, -9.578334078777432
0.09258724255999518, 0.8117403346842124, -9.576059958410916
0.08932465488148811, 0.8166017518464469, -9.572742069794828
0.08635906674179505, 0.8191142346389982, -9.570383326218803
0.08432580122166033, 0.8141932245600155, -9.571130241378127
0.08188190683304608, 0.8133506990719664, -9.570187014332141
0.07901415759106545, 0.8162410618951828, -9.567641032228751
0.07577178437572396, 0.8220550354774654, -9.563723858565782
0.07362725883483989, 0.8198269616276526, -9.563206387707533
0.0710263268707898, 0.821273859128777, -9.56118491885914
0.06810007427597586, 0.8251406627187663, -9.558187679737067
0.06492641877519834, 0.8306776087691782, -9.554534229836964
0.06316065432074147, 0.8270768851141136, -9.554865656356057
0.061151805959165806, 0.8254185587390396, -9.554444370125871
0.05874617055916165, 0.8264571534941949, -9.552951282902702
0.056062736145208625, 0.8292597445358757, -9.550793102542121
0.05444621825007445, 0.8259822885216214, -9.55140224736101
0.053238462670837094, 0.8207527752557038, -9.552966807734597
0.05064130826241886, 0.823413501663127, -9.551069086918954
0.04776133207780475, 0.8275715787039863, -9.548665883012536
0.04467552563031951, 0.8327120238596362, -9.545989875237646
0.043287358925510055, 0.8292065640846945, -9.547259142278484
0.041387701691997236, 0.8284974482557346, -9.547484619954561
0.03912973710997836, 0.8296497857748752, -9.547088254240515
0.03663584805508879, 0.8319621171579111, -9.546390021350241
0.03436667659899406, 0.8332622886447469, -9.54636419878478
0.033686259496902515, 0.8275635380750874, -9.549674939875374
0.03240346109490844, 0.824838818198133, -9.551909871667247
0.02975439424809867, 0.8281081623148892, -9.551661555567179
0.02693676828376823, 0.8320485778190461, -9.551405270064723
0.024018232631377145, 0.8363457510959249, -9.551295891757729
0.022701259971066534, 0.8342111338568989, -9.554360068732912
0.020848759035661857, 0.8340142065884839, -9.55734494554252
0.018523610756465025, 0.8353337543242554, -9.56158031845494
0.01577168513898375, 0.8381865763451066, -9.567749031097526
0.01265853703538955, 0.8422504655581367, -9.57601566570565
0.010329607470083602, 0.8433373033637732, -9.58828234569942
0.007096563327811722, 0.8475389784658947, -9.60179079542787
0.00297820371212687, 0.8546168482015959, -9.616726024985084
-0.0016261622026201294, 0.8630344787585036, -9.633824975573173
-0.006669178400542819, 0.8725268912958195, -9.653245630908042
-0.012125510000696949, 0.882909753418095, -9.675113355065998
-0.01681004314164447, 0.8902569516745211, -9.701241468470329
-0.021940898839408973, 0.8985132517947076, -9.72988993535352
-0.02834637663656636, 0.9101421826625324, -9.759991043873248
-0.03590207675161583, 0.924517253595307, -9.79189857805223
-0.0440355986265315, 0.9396809478019239, -9.826570265300331
-0.05267968642727183, 0.9552843093834129, -9.86422775333728
-0.06105479796498425, 0.9688926652278567, -9.906031720824261
-0.07039380392903904, 0.9840119360869735, -9.950454020416725
-0.08070685375119169, 1.0004488459108987, -9.997654157358008
-0.09266258582589337, 1.019855602181362, -10.046966786603878
-0.1055199155127653, 1.0398672040146706, -10.099550243362664
-0.1191373220434766, 1.0598637679710243, -10.15576226147552
-0.13350472145005376, 1.079586263654232, -10.215781608602462
-0.14921176738099895, 1.1003622250615062, -10.279077957029216
-0.1663090947388275, 1.1220124183307467, -10.345808567132162
-0.1852368924787875, 1.1453546500941716, -10.41569756151394
-0.20563046165673793, 1.1690734869930393, -10.489412826270861
-0.22751224985885532, 1.192867933440199, -10.567155100504417
-0.25110549673216376, 1.216920260015427, -10.64888345341111
-0.2766874418503358, 1.241510487192972, -10.734523678130987
-0.30438029339886263, 1.2664965448068974, -10.824185511947347
-0.33429652638925145, 1.2916896808480778, -10.918002610078897
-0.36651001155096985, 1.316784074523575, -11.016137878690348
-0.401247588783634, 1.3418167161011727, -11.118576881427334
-0.43876528570390505, 1.366860566535828, -11.22525740217098
-0.47914319058400956, 1.3915524606360896, -11.336311788332601
-0.5225489020517387, 1.415718967454517, -11.451768116548484
-0.5691533682731746, 1.439178140535108, -11.57163159100563
-0.6189211784166728, 1.461272160237475, -11.696089530689154
-0.6721153634406729, 1.4820182909862307, -11.825008716460244
-0.7293547231284316, 1.502210641918749, -11.957868837626364
-0.7903766075251637, 1.5206822118451342, -12.094984153497391
-0.8553409455798882, 1.537229003713208, -12.236223247493713
-0.9243909695422836, 1.5516298356452407, -12.381426399036041
-0.9976489324618507, 1.563646099255986, -12.530407179132188
-1.07522298266678, 1.5730455062030995, -12.682943901427533
-1.1572230390527949, 1.5796438564141644, -12.83876428546343
-1.2443568667204632, 1.584559014459464, -12.997020977982967
-1.3358931220861434, 1.5859458821331427, -13.158073365514115
-1.431888567379076, 1.5836935984846887, -13.321551538068878
-1.5321965353124982, 1.5775148524628095, -13.486436615449133
-1.6365250829108975, 1.5665625836459705, -13.65299778347339
-1.7447196076002722, 1.550202284187154, -13.822021167366115
-1.856686288272603, 1.528444471151388, -13.992837652048921
-1.9723183458652764, 1.5013619161288023, -14.164785450482597
-2.0917218284012655, 1.4695327380731937, -14.337059310609119
-2.214812489275408, 1.4332258643803488, -14.509014958257382
-2.3410888768723046, 1.3919322751721341, -14.6803429581386
-2.4704598436845275, 1.3460089037617817, -14.850476224978326
-2.602827974809692, 1.2958346709850832, -15.018899023009904
-2.7380910817092854, 1.2418038487567684, -15.185149713945151
-2.876150466342178, 1.184334395779175, -15.348816769356294
-3.01667743112061, 1.1233871666168396, -15.509679041924636
-3.159567547760909, 1.0593875245778244, -15.667393259075068
-3.3050922624219, 0.993527691544946, -15.821464612271441
-3.4531554236371482, 0.9262540898366227, -15.97167899154367
-3.6036577294626415, 0.8580079645561014, -16.11786212510084
-3.7564965014962386, 0.7892257804337457, -16.259874717369243
-3.911554199123416, 0.7203155957782137, -16.39761453473714
-4.0685527203236544, 0.6513491919031105, -16.53106928519597
-4.2276693794525215, 0.5834433131389889, -16.659966567885103
-4.388737592640712, 0.5169421617031422, -16.784300262964493
-4.551572285720641, 0.4521624745124728, -16.90408231136356
-4.71595020355233, 0.3893503460840986, -17.019345192938076
-4.881813281482511, 0.3291734903078729, -17.130044583972804
-5.048997749034093, 0.27216999818876, -17.236119987677043
-5.217108674599361, 0.21825347394325334, -17.337698875851082
-5.38586046347584, 0.16758590620078717, -17.434877600264873
-5.5549560307214545, 0.12030724127797665, -17.5277552021724
-5.724428321443845, 0.0775405350518823, -17.616254901025968
-5.894029585534392, 0.03983881550613466, -17.700348550027055
-6.062949682418433, 0.005886199210391574, -17.78040311315471
-6.230863083607604, -0.024324107551284335, -17.85656709594541
-6.397443584504554, -0.050834674452594264, -17.928985917451932
-6.563002590683318, -0.07123658562832125, -17.997381779335754
-6.726625274349901, -0.08742052331107875, -18.062129485574072
-6.887835860064515, -0.10026395666305143, -18.12353317788543
-7.046373202930014, -0.10993443812919357, -18.181758001922052
-7.201993078662253, -0.11664312882638139, -18.236963263594017
-7.3551781553620925, -0.11647277058647676, -18.288641804927188
-7.504828536264519, -0.11391153832119039, -18.337551631293042
-7.650772342973856, -0.10950508991009023, -18.383899381047836
-7.792920478637473, -0.10351134483297897, -18.427825817863564
-7.931281882908613, -0.09558836839815865, -18.469375001072663
-8.066165145098877, -0.08185634303228162, -18.508072664647624
-8.196870334266624, -0.06821860397257296, -18.544753139064344
-8.323497402131176, -0.05484869466186537, -18.579506444841954
-8.446153885571807, -0.04200162626993209, -18.6124068484366
-8.564964581630084, -0.02996298464350633, -18.643511639975777
-8.685218049588181, -0.01280788614175643, -18.67846304251269
-8.792864089868553, -0.010850262158828672, -18.694905666297302
-8.89833846240774, -0.00982574008104864, -18.703367227901424
-9.005936398454699, -0.00967975557086298, -18.70929910276742
-9.115617576326569, -0.010145491023340059, -18.712636263863434
-9.227334355802826, -0.011030797695928074, -18.71332073727082
-9.341040630948113, -0.01124104018977401, -18.711188701031258
-9.456663107697702, -0.008733926926862035, -18.70594589956186
-9.574099040332724, -0.007111791531201339, -18.69797758981586
-9.693287647379705, -0.006105328108602759, -18.687227503800543
-9.814156199178655, -0.005524615328594384, -18.673646272260736
-9.936621467856119, -0.005237137079031395, -18.657190723657564
-10.06059062680339, -0.0051460438971029365, -18.637822745407444
-10.185961576847008, -0.005179162407931592, -18.61550886535067
-10.31262292914907, -0.005287826807000906, -18.590220545605902
-10.440454247946054, -0.005435994215813755, -18.56193369660486
-10.569326143226094, -0.005595482441179023, -18.530628704276445
-10.69910014894413, -0.005754712993355726, -18.496291496162378
-10.829624725246376, -0.005634335288401626, -18.45888363639899
-10.96070587013756, -0.003775946564401833, -18.418236722148517
-11.092206650934077, -0.0021388075963293396, -18.374563565150407
-11.223921323255409, -0.0022465832011386855, -18.32796584783341
-11.355686119647585, -0.0031539795746304833, -18.278383152218222
-11.487339519011366, -0.003845488145102438, -18.225773549281403
-11.618690840970142, -0.0043673205922567515, -18.170170964622933
-11.749544162613674, -0.004749867459203472, -18.111614861702726
-11.879699017726963, -0.005016969616677525, -18.05015125781786
-12.00895120459932, -0.005188143163632253, -17.985833112081085
-12.137093673938324, -0.005276636961543124, -17.918720377899298
-12.263917341544285, -0.005296152117829633, -17.848880486393778
-12.389212007950693, -0.0052509699446172675, -17.776387730718533
-12.512767179623, -0.005149012610639714, -17.701324006498986
-12.634372947893771, -0.004994190002461041, -17.623778191527883
-12.753820804932548, -0.004788492815652745, -17.54384608168359
-12.870904427757488, -0.0045321474843655896, -17.46163015408608
-12.985420413636225, -0.004223746836976128, -17.37723928660895
-13.097148312408779, -0.0048698289057973465, -17.290823281232647
-13.205875711068487, -0.0065360142908221786, -17.202489263277805
-13.311438301039352, -0.007826206962468385, -17.11231411830428
-13.41365291220656, -0.008805369176868805, -17.020436203736395
-13.512341201289193, -0.00951854525108664, -16.926996500271446
-13.60733036721713, -0.009993004769080827, -16.832138877652277
-13.698453451647188, -0.01025010336418708, -16.73601048182411
-13.785549659226582, -0.010301279651488082, -16.638761497566108
-13.868464499255548, -0.010155027774553238, -16.540545310882788
-13.947049813690159, -0.009815982340477536, -16.4415183575843
-14.021163754863906, -0.009286477414976346, -16.341840137252436
-14.0906706843769, -0.008567427443906483, -16.24167325535885
-14.155441008963665, -0.007659096226207751, -16.141183535501927
-14.215350959523004, -0.0065618176061303934, -16.040540215737412
-14.270263830089416, -0.006218505476186742, -15.939933096208025
-14.317274195532832, -0.0071073931934839685, -15.83549420047921
-14.358836100558687, -0.007608147537177201, -15.72498400186779
-14.399723166931949, -0.007793606218202909, -15.60987585130706
-14.440087163347165, -0.007700203687764917, -15.490171114423553
-14.480071890893687, -0.007375080975378312, -15.365867614084525
-14.51981238018299, -0.006873343908498697, -15.236959194167927
-14.559434004406658, -0.006256632523230277, -15.103435520052694
-14.599051358265925, -0.005593917140502391, -14.965282064489735
-14.638670357871973, -0.009651920488016108, -14.82252793958077
-14.678296298795711, -0.009145370731052038, -14.674920437023653
-14.718189700163569, -0.008245816723587263, -14.522615499589213
-14.758423871064016, -0.007081329807619996, -14.365595412762714
-14.799054744144328, -0.005752845891475511, -14.203840628975597
-14.840120182784368, -0.0043439423723512505, -14.037332016706126
-14.881532506607929, -0.007503501757117448, -13.866071924945297
-14.923232831853879, -0.010404373149490054, -13.68995286923662
-14.965285651862834, -0.008748193656023862, -13.508962908578125
-15.00774927305331, -0.006855901283651322, -13.323211513209454
-15.050567244954486, -0.004810880092784187, -13.132725461979392
-15.09360408229625, -0.005044313221194141, -12.937547810922622
-15.136667684026342, -0.007703496660977471, -12.737707668922827
-15.179723864368206, -0.009442765650525153, -12.533301827271098
-15.222635876210735, -0.009378160355673737, -12.32445310387104
-15.265273996116623, -0.006952798897088774, -12.111329704255102
-15.30747933216113, -0.005584737851143329, -11.89414049493035
-15.348961370879014, -0.006858989169472585, -11.67308379401042
-15.38963138288596, -0.007245825011887197, -11.448453277972515
-15.42931242238394, -0.007014143046402799, -11.220570409082796
-15.467819829011287, -0.006318167092841165, -10.989796669855764
-15.50497109394704, -0.005255903861725253, -10.756535302385458
-15.540559430981782, -0.005371976324328287, -10.52121594720087
-15.574350172275029, -0.007511924606966369, -10.284299664446698
-15.606292497854852, -0.00849910895543493, -10.046342163659837
-15.636301042129825, -0.008676720289400697, -9.80789871679997
-15.66431072459839, -0.008268464448704105, -9.569546913689441
-15.690286557305583, -0.0074394096071006555, -9.331881784420695
-15.714229321015958, -0.006323760219617558, -9.09550951389237
-15.736179011638617, -0.0050334053163298975, -8.86104058842058
-15.756216607602354, -0.0036632789128094867, -8.629082727010621
-15.774432928880834, -0.00348733649698163, -8.40021311438909
-15.79099806972004, -0.0036750449018025932, -8.175027176292708
-15.806135539108189, -0.003570545665490421, -7.954098461941939
-15.820082401387893, -0.003328204174891658, -7.737959228124638
-15.833104813559867, -0.003053628753504567, -7.527111170793108
-15.845494499372009, -0.0028224919617310107, -7.322022547954752
-15.857564642368516, -0.0026846140260383677, -7.123126552436801
-15.869645286539567, -0.0026721360336330324, -6.930820605586806
-15.882078826301969, -0.0028045858631819964, -6.745466654923342
-15.895215915960279, -0.003088428868249782, -6.567392429184482
-15.909428691923171, -7.642705323422927E-4, -6.396957688674806
-15.91766434368644, 9.361731465153955E-4, -6.232026115590791
-15.918633320602831, 0.001858559200331289, -6.070018258006073
-15.918169794276718, 0.0023801439536610403, -5.91051509793077
-15.91630492218405, 0.0025543544250794525, -5.75355496385754
-15.9130642690691, 0.0024269702487829115, -5.599170812035396
-15.908468173325371, 0.0020380352666387047, -5.447390905955381
-15.902532015718094, 0.0014230994061195101, -5.298239443038673
-15.89527515446824, 0.0010563528745486384, -5.151747758725493
-15.886719458247743, 0.0033212749429070154, -5.007996006539635
-15.87679283060762, 0.005009954821794893, -4.866924647839162
-15.865508708215325, 0.006224063172095895, -4.728546918821962
-15.852860958167128, 0.006648922764902143, -4.592865207377363
-15.838853057272303, 0.006509423857768537, -4.459893110765806
-15.823485934142411, 0.0062173582940586725, -4.329648365619535
-15.806745284226983, 0.005801757250450179, -4.202139420531897
-15.788613088963949, 0.005288361549208753, -4.077374297840674
-15.769067916245737, 0.004700155232556846, -3.955360817315877
-15.748085187946645, 0.004057793285011102, -3.836106788936415
-15.725646387051977, 0.004243591348505271, -3.7196442749987026
-15.701703537698723, 0.00510666539536031, -3.605981473926935
-15.676214652683864, 0.005771569264813814, -3.495102614085228
-15.649149965061609, 0.006278760611710732, -3.3870164896639654
-15.620476351370467, 0.00666188296612702, -3.2817325098124694
-15.590157837639337, 0.006949401127253507, -3.1792607417662833
-15.55815598253826, 0.007165679583035045, -3.079611939598684
-15.524430179669821, 0.0073317580993436104, -2.982797560808831
-15.48893790281857, 0.007465922275020076, -2.888829771328947
-15.451634909302328, 0.007584131019801599, -2.7977214397262173
-15.412475411387017, 0.00770034134128772, -2.709486121426452
-15.371412222523698, 0.007826757379898464, -2.624138033762587
-15.328396883120924, 0.007974021980090895, -2.541692022588652
-15.28337976921976, 0.00815136335300537, -2.462163521116949
-15.236310186524975, 0.008366705469822766, -2.385568501543889
-15.187136451602452, 0.008626748060956091, -2.311923419934959
-15.135805961581756, 0.008937020065979961, -2.241245154743475
-15.08226525333721, 0.009301908810944282, -2.1735509392455414
-15.02646005282157, 0.009724665896068796, -2.1088582880839066
-14.96833531495579, 0.010207389618650087, -2.0471849180300623
-14.907831550803706, 0.010504122964568596, -1.9885412645288865
-14.844881761739128, 0.010108219321276701, -1.9329308600212256
-14.77943771759343, 0.009745614385232249, -1.880393903316799
-14.711441159161044, 0.009410224650089227, -1.8309480607428945
-14.640832991711104, 0.009092491095043065, -1.7846106932735646
-14.56755321298705, 0.00877999184477607, -1.7413987912045963
-14.49154074319329, 0.008454369559475539, -1.7013288024289404
-14.41273331666501, 0.008094343900606704, -1.6644166520646202
-14.33106717351869, 0.007671684893181374, -1.6306775713810433
-14.24647669363701, 0.00715010482678935, -1.6001260480617612
-14.158893823110093, 0.006482489271858349, -1.5727757897258652
-14.06825268722232, 0.00745038263432507, -1.5487105823242633
-13.930258301568443, 0.00883131939375481, -1.5474209498345948
-13.742204143744804, 0.010286241820007147, -1.5706827982065326
-13.544034167053908, 0.01185073994048047, -1.6008578684277923
-13.336264116085143, 0.01125990835015811, -1.6372833273460872
-13.11932764646241, 0.009136761282487416, -1.6794434321573295
-12.893615158263046, 0.007249282721220385, -1.7268852145837776
-12.659532031450176, 0.009471189235864319, -1.7792386318026159
-12.417701127981067, 0.011207668883474353, -1.8356459880165907
-12.168553536507254, 0.012122162439789697, -1.8955001443217006
-11.912452297339907, 0.009622335699829287, -1.9580932691595976
-11.6496104843723, 0.010708907454762828, -2.0232302872599863
-11.38062906533476, 0.010556412495360323, -2.0899294579551215
-11.105565060614872, 0.012512085508389226, -2.1578479095639542
-10.825058590739221, 0.011449141644266025, -2.225867088599596
-10.539052323337685, 0.010659551832628011, -2.2936177924369856
-10.247562974910448, 0.014094917218329228, -2.360722948898589
-9.951396321618835, 0.010487448655366882, -2.4254126142283576
-9.649516473188845, 0.013294150785520764, -2.488355967595366
-9.34271564678484, 0.012787559825868877, -2.5477430280500295
-9.030162607592207, 0.013613063651965907, -2.603534340763005
-8.711808903894482, 0.014441027206873569, -2.6548487137504884
-8.387017436689309, 0.014429437595720018, -2.7011771735340506
-8.055093333188127, 0.014985914907194253, -2.742321193912545
-7.715183068156143, 0.01514291842147275, -2.778176921316353
-7.366281809556903, 0.015922722588017746, -2.8092638959353557
-7.007578987942324, 0.014911369691115839, -2.8361724641171033
-6.637833305181437, 0.01612710334374634, -2.8613151610433105
-6.2568628226542575, 0.016321317069039498, -2.886692519561098
-5.864679389589659, 0.01550379234247945, -2.9159027737585967
-5.462347569791777, 0.015805366441304813, -2.9536842479174252
-5.0523725340465475, 0.01414306433957746, -3.0043741940753
-4.638557100107677, 0.013537137121564347, -3.0733463970596
-4.226213208391757, 0.012028164316690293, -3.1641753992689168
-3.8214617016913364, 0.010480234598459037, -3.2795454345068036
-3.4307384258901585, 0.008011595147517259, -3.4197383587989014
-3.0601205232360447, 0.0070478199595161994, -3.583646088389675
-2.7143858309183297, 0.005338486068296566, -3.767420777088437
-2.3968906218464276, 0.0034745258617531194, -3.96661497420863
-2.109416432341178, 0.0019224980791390234, -4.1761800017038055
-1.8523086891254965, 0.001157873147058619, -4.391074929564813
-1.6244674715871108, -5.734814587667891E-4, -4.606318985127801
-1.4243815794192551, -0.001665050756407438, -4.818156537059258
-1.2499241521951725, -0.001668715761911188, -5.0233801310374435
-1.098318063959399, -0.0028551999307450115, -5.219126362512567
-0.9674006084703408, -0.0033532795623549827, -5.403735273236158
-0.8548220871034959, -0.0032368574378400794, -5.575803455406834
-0.7580979944103139, -0.004431043168993343, -5.7341136571840305
-0.6756940654361285, -0.004741943607920351, -5.878222845531293
-0.6057178672055006, -0.005401136919513716, -6.007516318687509
-0.5469228760054685, -0.005471595737955193, -6.121710485038969
-0.4976333587605648, -0.005784576856980417, -6.22128065977615
-0.4544538063115109, -0.0053725203833714374, -6.312387726280193
-0.41415634768927934, -0.006343146215675111, -6.40047353479487
-0.3770542540761843, -0.005698175456013921, -6.485877932764126
-0.3425115763699056, -0.005504515258109244, -6.568528772461163
-0.3102798450533175, -0.005919660028498086, -6.648515897784869
-0.28023278270970753, -0.006594206830638605, -6.725956863280039
-0.2526212893639137, -0.005347450061468972, -6.801095036244215
-0.22643956549088173, -0.006470766487601143, -6.873735020866171
-0.2023152985201806, -0.0060476600667020985, -6.944217938806316
-0.17960928918445163, -0.006637099013488079, -7.012471582237799
-0.15881298008680744, -0.005156799882669372, -7.078759357943799
-0.13893606387905866, -0.006040007224281441, -7.14290729886285
-0.12039105654107285, -0.006712061297339922, -7.205139011311605
-0.10333738811343629, -0.0059110569325211415, -7.265595690093702
-0.08723420776782831, -0.005940120211708644, -7.324225598272356
-0.07217302254339675, -0.005960267367856709, -7.3811400326789975
-0.058038764781415786, -0.00620055000179387, -7.436394857790463
-0.0446957821044327, -0.007026178651367676, -7.490036322549496
-0.03262183079221792, -0.005737658846057814, -7.542246939675927
-0.021119591339765265, -0.005577293249501292, -7.592936624874076
-0.010089774600798407, -0.0068030239501915, -7.642153481000347
-1.1753305346218212E-4, -0.006232509814462883, -7.690085364104135
0.0, 0.0, -7.696902001294994
0.0, 0.0, -7.696902001294994
0.0, 0.0, -7.696902001294994
0.0, 0.0, -7.696902001294994
0.0, 0.0, -7.696902001294994
0.0, 0.0, -7.696902001294994
0.0, 0.0, -7.696902001294994
0.0, 0.0, -7.696902001294994
0.0, 0.0, -7.696902001294994
0.0, 0.0, -7.696902001294994
0.0, 0.0, -7.696902001294994
0.0, 0.0, -7.696902001294994
0.0, 0.0, -7.696902001294994
0.0, 0.0, -7.696902001294994
0.0, 0.0, -7.696902001294994
0.0, 0.0, -7.696902001294994
0.0, 0.0, -7.696902001294994
0.0, 0.0, -7.696902001294994
0.0, 0.0, -7.696902001294994
0.0, 0.0, -7.696902001294994
0.0, 0.0, -7.696902001294994
0.0, 0.0, -7.696902001294994
0.0, 0.0, -7.696902001294994
0.0, 0.0, -7.696902001294994
0.0, 0.0, -7.696902001294994
0.0, 0.0, -7.696902001294994
0.0, 0.0, -7.696902001294994
0.0, 0.0, -7.696902001294994
0.0, 0.0, -7.696902001294994
0.0, 0.0, -7.696902001294994
0.0, 0.0, -7.696902001294994
0.0, 0.0, -7.696902001294994
0.0, 0.0, -7.696902001294994
0.0, 0.0, -7.696902001294994
0.0, 0.0, -7.696902001294994
0.0, 0.0, -7.696902001294994
0.0, 0.0, -7.696902001294994
0.0, 0.0, -7.696902001294994
0.0, 0.0, -7.696902001294994
0.0, 0.0, -7.696902001294994
0.0, 0.0, -7.696902001294994
0.0, 0.0, -7.696902001294994
0.0, 0.0, -7.696902001294994
0.0, 0.0, -7.696902001294994
0.0, 0.0, -7.696902001294994
0.0, 0.0, -7.696902001294994
0.0, 0.0, -7.696902001294994
0.0, 0.0, -7.696902001294994
0.0, 0.0, -7.696902001294994
0.0, 0.0, -7.696902001294994
0.0, 0.0, -7.696902001294994
0.0, 0.0, -7.696902001294994
0.0, 0.0, -7.696902001294994
0.0, 0.0, -7.696902001294994
0.0, 0.0, -7.696902001294994
0.0, 0.0, -7.696902001294994
0.0, 0.0, -7.696902001294994
0.0, 0.0, -7.696902001294994
0.0, 0.0, -7.696902001294994
0.0, 0.0, -7.696902001294994
0.0, 0.0, -7.696902001294994
0.0, 0.0, -7.696902001294994
0.0, 0.0, -7.696902001294994
0.0, 0.0, -7.696902001294994
0.0, 0.0, -7.696902001294994
0.0, 0.0, -7.696902001294994
0.0, 0.0, -7.696902001294994
0.0, 0.0, -7.696902001294994
0.0, 0.0, -7.696902001294994
0.0, 0.0, -7.696902001294994
0.0, 0.0, -7.696902001294994
0.0, 0.0, -7.696902001294994
0.0, 0.0, -7.696902001294994
0.0, 0.0, -7.696902001294994
0.0, 0.0, -7.696902001294994
0.0, 0.0, -7.696902001294994
0.0, 0.0, -7.696902001294994
