 0.0, 0.0, -21.89341013701687
 0.0, 0.0, -21.89341013701687
 0.0, 0.0, -21.89341013701687
 0.0, 0.0, -21.89341013701687
 0.0, 0.0, -21.89341013701687
 0.0, 0.0, -21.89341013701687
 0.0, 0.0, -21.89341013701687
 0.0, 0.0, -21.89341013701687
 0.0, 0.0, -21.89341013701687
 0.0, 0.0, -21.89341013701687
 0.0, 0.0, -21.89341013701687
 0.0, 0.0, -21.89341013701687
 0.0, 0.0, -21.89341013701687
 0.0, 0.0, -21.89341013701687
 0.0, 0.0, -21.89341013701687
 0.0, 0.0, -21.89341013701687
 0.0, 0.0, -21.89341013701687
 0.0, 0.0, -21.89341013701687
 0.0, 0.0, -21.89341013701687
 0.0, 0.0, -21.89341013701687
 0.0, 0.0, -21.89341013701687
 0.0, 0.0, -21.89341013701687
 0.0, 0.0, -21.89341013701687
 0.0, 0.0, -21.89341013701687
 0.0, 0.0, -21.89341013701687
 0.0, 0.0, -21.89341013701687
 0.0, 0.0, -21.89341013701687
 -0.01608385736102136, 0.012120598883221256, -21.77117624304427
 -0.02604963377863001, 0.012756862989866224, -21.701113256805463
 -0.03741044268088434, 0.013393364656632878, -21.628962364418125
 -0.050308548088010774, 0.014049031809670431, -21.55460508855895
 -0.06489814186216947, 0.014702026732608453, -21.47791258582881
 -0.0813390287698379, 0.015213172291765775, -21.398743465241484
 -0.09986019889518083, 0.015887346346360243, -21.316957285252197
 -0.12066632528611798, 0.016584101293715903, -21.232392357525672
 -0.1439855191288908, 0.017132114055959713, -21.14487467492661
 -0.1701142040779393, 0.01769988395233013, -21.054229334333698
 -0.19936620436470864, 0.018291662809085896, -20.960266285062758
 -0.2320820939080699, 0.018792535729931337, -20.8627820365144
 -0.26867493549177546, 0.01933035894978108, -20.761573423046165
 -0.3095946621006114, 0.019901032444979427, -20.656426898224105
 -0.35534504722296667, 0.020462052905193095, -20.547124091342564
 -0.406485374675162, 0.02088677723029364, -20.43344510630795
 -0.46367676590256934, 0.021308685856897713, -20.315188294822157
 -0.5276435086008888, 0.02171076220074597, -20.192162247284276
 -0.5991968131566248, 0.02207529615299697, -20.06420319432369
 -0.6792279707849058, 0.0222707394915439, -19.93118452068736
 -0.7687512216433725, 0.022401422435848084, -19.79305253750492
 -0.8688633338025453, 0.022442200215768593, -19.64983178707219
 -0.9807516517452859, 0.02235794643051381, -19.501659641443158
 -1.1056868059934128, 0.022157065316219304, -19.34882325751396
 -1.2450001780595903, 0.021917587976625907, -19.191802621464866
 -1.4000123031019736, 0.021457623765633094, -19.031287637938227
 -1.572022839951618, 0.020763895677640698, -18.868247260914494
 -1.7622101535615795, 0.01974809484598261, -18.70394971360431
 -1.9715405790923501, 0.018279524869597163, -18.5399871248498
 -2.2007168956761087, 0.016930229178949707, -18.378347477345997
 -2.449896605457472, 0.015277227275540484, -18.221250743479995
 -2.718675299911124, 0.012811745903970495, -18.071128011868336
 -3.0060982786317068, 0.010768338450150572, -17.930712194055346
 -3.3102829800739064, 0.007936602834285655, -17.80249258707525
 -3.628777970693021, 0.005270030895099476, -17.688938321518172
 -3.9583219744992766, 0.0016918947332571488, -17.59195035853015
 -4.295318291486361, -8.98291567878351E-4, -17.513148992378063
 -4.635703868063832, -0.004191598032313837, -17.45309700743866
 -4.975458872454149, -0.00789555639413364, -17.411847917185025
 -5.310804488498731, -0.010365318965579129, -17.38888464730562
 -5.638335590418057, -0.012886110982713972, -17.38274272529241
 -5.955247331968671, -0.015265976637663159, -17.391681009246312
 -6.259396664285305, -0.01743116467359629, -17.413654180663613
 -6.549320475583, -0.01937658961088362, -17.446485269072443
 -6.8241860488130515, -0.020918191322852886, -17.488040984451235
 -7.083699959663178, -0.022142913500298955, -17.536301650420572
 -7.328019267986513, -0.02316749427125986, -17.5894529215577
 -7.557635054618057, -0.023877106369850853, -17.645954152847416
 -7.773270459312144, -0.024460900208804093, -17.704501394523454
 -7.975807878635797, -0.024968285621344455, -17.76405143242327
 -8.166191880401133, -0.024928431335545342, -17.82384169436617
 -8.34537854187, -0.024463932853856507, -17.88326734264183
 -8.514360663666139, -0.02404366730550167, -17.941845330065064
 -8.674067384473327, -0.023612461883805724, -17.999286529031917
 -8.825377120116542, -0.023446743369687773, -18.055387618218347
 -8.96908835037648, -0.022887758928475832, -18.110105526221027
 -9.105909207836614, -0.021814317375019265, -18.163432330067693
 -9.236543356122034, -0.02116973496163621, -18.215313359449805
 -9.361603857627486, -0.02064939472280103, -18.265827205401525
 -9.481623431357788, -0.01994746605420694, -18.315083835141703
 -9.597049158003898, -0.018917612522931337, -18.363209429559497
 -9.708352898183112, -0.01809794580282731, -18.410270962359103
 -9.815922378890464, -0.01743086292593099, -18.4563940409289
 -9.920094509197181, -0.01682880177321866, -18.501711749340064
 -10.021142157335236, -0.015787556240392298, -18.546389916042358
 -10.119368185137883, -0.014937469131787284, -18.590505787308135
 -10.215018016768177, -0.014342432017093842, -18.634177730846215
 -10.308310105674966, -0.013864091806406242, -18.67753253270502
 -10.399396742280782, -0.012867615564632229, -18.720732721076498
 -10.488480438233259, -0.01204287480104782, -18.763842855123684
 -10.575721119278622, -0.01156893906445633, -18.806960413274293
 -10.661264218788617, -0.011274034143917477, -18.85019750789478
 -10.745197798778054, -0.010449419865791842, -18.89370145233039
 -10.827646771240858, -0.009667169020138755, -18.937536151727635
 -10.906277147012055, -0.008768586681288437, -18.987049340138665
 -10.983838826862637, -0.00766344696802157, -19.045828935710293
 -11.065035191772262, -0.0068182719405570635, -19.11228231620656
 -11.149505435669855, -0.006087649434239117, -19.18625749548685
 -11.23690684452174, -0.005503885572892386, -19.267650772527674
 -11.326937783356907, -0.005310608069434952, -19.35638950884317
 -11.419283617630924, -0.005338046185867307, -19.452464375185237
 -11.5136318572917, -0.005571840909549208, -19.555892333655176
 -11.609666918287104, -0.0060072711592658035, -19.666719246350223
 -11.707058774050413, -0.006579130143278822, -19.785020769251187
 -11.805481163826617, -0.00736555647651449, -19.910887809899563
 -11.904592338973977, -0.00832984916649293, -20.044438874295807
 -12.004025902605878, -0.009491770891107087, -20.185813389663867
 -12.10339199315443, -0.010874800370829996, -20.33517297048935
 -12.202272612731079, -0.012508025283722413, -20.492702177833582
 -12.300195877682814, -0.014000721072341737, -20.658625110442856
 -12.39672042179284, -0.015882592826216513, -20.833155714213987
 -12.491317791901267, -0.018081027228913582, -21.01656241942045
 -12.583384549181993, -0.020126576879615943, -21.209156762474567
 -12.672326932783847, -0.022405583389209616, -21.411257647809112
 -12.757427067237668, -0.02483133264915538, -21.62324014695146
 -12.837912788515771, -0.027379480918800603, -21.845519066731608
 -12.912917350518072, -0.03031175622093163, -22.07855018187416
 -12.981446375184028, -0.03326353551122141, -22.322849327753374
 -13.042365578078895, -0.03639216314405114, -22.578968770166266
 -13.094392362964001, -0.0397383764850221, -22.847507050918225
 -13.135995654552335, -0.04306088267211883, -23.129095016324303
 -13.16547041570418, -0.047041600341077294, -23.424372681198445
 -13.18078838232615, -0.05120679342833323, -23.73397098157883
 -13.179582711498055, -0.055528082407313994, -24.058446250099
 -13.159157665598045, -0.060290369380565756, -24.39822121560507
 -13.116389427517852, -0.06542938996529601, -24.75347629133063
 -13.04771037174455, -0.07108492550819823, -25.12400389052694
 -12.949237348994451, -0.07747390914003205, -25.509044883516083
 -12.816767472393927, -0.0845207804011664, -25.907036486106243
 -12.645961916773054, -0.09190389423010015, -26.315326536316718
 -12.432882146393776, -0.10043821437989253, -26.729967426168216
 -12.174316855047323, -0.10964474656545664, -27.145367890700342
 -11.868803883884055, -0.12004257502185811, -27.554269367794703
 -11.517516180101511, -0.13056547706497734, -27.94772501866503
 -11.12573555563202, -0.1423103267961603, -28.315684460540652
 -10.658590340910347, -0.15461659378759895, -28.67630362405439
 -10.295917124243209, -0.16307182033869794, -28.91977428702224
 -9.952938184375226, -0.1704668461947899, -29.119888885565185
 -9.630170924198142, -0.17677532146384256, -29.2839943335306
 -9.325633578810585, -0.18211610152638202, -29.41876033409232
 -9.035010692421055, -0.1867231952354791, -29.529987098999626
 -8.751850189129017, -0.19109019291577933, -29.62245061272648
 -8.467700840514155, -0.19550712543100557, -29.69975458805964
 -8.172406092288478, -0.20021552999624825, -29.764084118400355
 -7.847380282627098, -0.2128520624942165, -29.828390872127407
 -7.4785666194762745, -0.2338676221042083, -29.889842283441205
 -7.067363737165882, -0.25609388692637347, -29.93053889272914
 -6.6277386618945515, -0.27909290294331834, -29.94383502962711
 -6.174356369044424, -0.3024950186513232, -29.926031755874043
 -5.721773117478943, -0.32573274238687555, -29.876766627723732
 -5.28359579624782, -0.348051398815994, -29.798961672271968
 -4.871938558864758, -0.36888788084091406, -29.698464308560204
 -4.496947116967162, -0.3877691306056703, -29.58338270934757
 -4.166614461828393, -0.40435025213503617, -29.463273868488486
 -3.886849573629266, -0.4185782265234609, -29.34829759236719
 -3.661623771836024, -0.43056454712020586, -29.24832878925744
 -3.4931732887383076, -0.4401825205339894, -29.17206401176418
 -3.382470786101183, -0.4476992509447204, -29.126459363182484
 -3.3293724475018234, -0.45350618279461513, -29.116115197631437
 -3.2806511245532572, -0.42701221765248987, -29.10513418554157
 -3.2462835504816585, -0.41266179189626884, -29.104101247809997
 -3.206344630200064, -0.40303845979784714, -29.09883773254383
 -3.163555228307618, -0.3960537741820874, -29.09093334443667
 -3.119388753387998, -0.38845705796187746, -29.081016536087578
 -3.074546061381091, -0.38273528160002324, -29.069731239019067
 -3.029495727336906, -0.377675235963713, -29.057290893225876
 -2.984499909313694, -0.37226548412422034, -29.043730620405952
 -2.9396323814804006, -0.3682107714034435, -29.029245803120705
 -2.8950351915249044, -0.36311347188449905, -29.013717003674575
 -2.850633297204709, -0.3582217069419643, -28.99713694268684
 -2.8063404746804386, -0.35483625783661676, -28.979554125072582
 -2.762237244480584, -0.349871848019797, -28.96072224862806
 -2.718146469125598, -0.3457444124587864, -28.94066802683439
 -2.6739967704954557, -0.3426868189162394, -28.919347451303807
 -2.6298471773258756, -0.33731154165294996, -28.896437328282815
 -2.5854408819474752, -0.33320732410302945, -28.87200751116331
 -2.540677438682014, -0.3305186534692275, -28.845959912825315
 -2.4956383063073764, -0.32596494892936545, -28.817993825416792
 -2.450089694822702, -0.32224715423659633, -28.788093350853444
 -2.4039467735117315, -0.31936591537486136, -28.75613813417999
 -2.3572041999135243, -0.315659077056343, -28.7218959737252
 -2.3097238096761483, -0.31172118845971775, -28.685202664505045
 -2.2613125801225378, -0.3091966707095398, -28.645971131292576
 -2.2119335386309107, -0.30732017573376247, -28.60401140217032
 -2.1615735420108777, -0.3045425354147404, -28.559053071667666
 -2.1100688194907207, -0.30186264105332616, -28.510916882947505
 -2.057285699250132, -0.2998968102759496, -28.45942163334498
 -2.0031281221068244, -0.2985023321731153, -28.404326738407832
 -1.9474925926581985, -0.29759504504934886, -28.345370820645638
 -1.8903075064185186, -0.29648327694691, -28.282237979759927
 -1.8314120055656158, -0.2957286186347814, -28.214624210989882
 -1.7706811670836613, -0.2955870994191896, -28.142213792580584
 -1.7079938354678452, -0.2959906314994263, -28.064624907401967
 -1.6432201887854703, -0.2969124808117838, -27.981430990247997
 -1.5781356509909568, -0.29938066198001834, -27.898293202807643
 -1.5134598398418975, -0.3032431367863483, -27.816487033628327
 -1.44818820273942, -0.3072926588454846, -27.731359935831343
 -1.3825168463853403, -0.3115169384652955, -27.64297326004786
 -1.3166365615799354, -0.31590554985541897, -27.551390555997042
 -1.2507328575263683, -0.32044876434997016, -27.456677990717207
 -1.184985881327112, -0.32513738998909625, -27.35890472453473
 -1.1195703054251416, -0.32996263492032674, -27.258143225528933
 -1.0546369431922455, -0.3351202956998204, -27.15447195458208
 -0.990352092498064, -0.3405741079336211, -27.04797158086943
 -0.9268862597850331, -0.34616183854195537, -26.9387234294284
 -0.8643904692818349, -0.35187705715873574, -26.826815301045247
 -0.8030094127742853, -0.35771349001109043, -26.71233914135893
 -0.7428812654061545, -0.36366488650142414, -26.595391092338065
 -0.6841374956285691, -0.3697249709123053, -26.476071516092816
 -0.6269026780634608, -0.3758873984311314, -26.35448499202398
 -0.5712943110995816, -0.3821457144518493, -26.2307402893533
 -0.5174226406121143, -0.3884933162730584, -26.104950316332083
 -0.46539049086310236, -0.39492341640544815, -25.97723204659605
 -0.4152931034148786, -0.4014290067732236, -25.847706422237138
 -0.3672179784009568, -0.40800289934668155, -25.716498233384442
 -0.3212052612447298, -0.41506199031046354, -25.583738608839827
 -0.2773584191429741, -0.4222593498539047, -25.449558271712718
 -0.23574524827160026, -0.4295351328751068, -25.314091683466394
 -0.19642070995597471, -0.4368834548721603, -25.1774771431934
 -0.1594314190831465, -0.44429817171749586, -25.039855699610897
 -0.12481556354083168, -0.45177293100044214, -24.901370806850963
 -0.09260285146311809, -0.45930115852348374, -24.762167925361158
 -0.06281448514591581, -0.46687604524858184, -24.62239406455233
 -0.03546316667228311, -0.4744905346623268, -24.482197264054374
 -0.01055312819620724, -0.4821374565072487, -24.34172601325805
 0.011919732945880668, -0.48980894343368864, -24.201128602191726
 0.031987372036942574, -0.49769922568472913, -24.06055228584126
 0.04968939156839269, -0.506011699107236, -23.920143835801166
 0.06501933038227747, -0.5143656588985758, -23.780045644600303
 0.07801314832245332, -0.5227549023077761, -23.640397567544884
 0.08871397695259375, -0.5311735644447709, -23.50133529673208
 0.09717164553498314, -0.5396157192470676, -23.362989496191215
 0.10344218023648111, -0.5480753917521414, -23.225484953421375
 0.10758726342673519, -0.5565467885520031, -23.08893976463079
 0.10967354672890295, -0.5650234567499042, -22.95346456828653
 0.10977210427107842, -0.5734995587409218, -22.819161856911546
 0.10795766936704076, -0.5819690581285795, -22.686125368343532
 0.10432047794653165, -0.5905510353469935, -22.554438899654894
 0.09898387422406607, -0.5997011608520142, -22.424176288562112
 0.09197769392282851, -0.6088705620491183, -22.29540365615723
 0.08338439393318708, -0.6180554577931148, -22.168175716895597
 0.07328660834627243, -0.6272527013629903, -22.042537089936292
 0.06176646697243093, -0.6364593514640191, -21.918522394325958
 0.04890500706527412, -0.645672765713583, -21.796156456315398
 0.03478156071589744, -0.6548895166337465, -21.675454866887023
 0.019581232490578415, -0.6640610126511237, -21.55725470206715
 0.003513790455354382, -0.6731401153419595, -21.442368912267103
 -0.0133112333012253, -0.6821244096742536, -21.330759694649565
 -0.03079160405221515, -0.6910120116508233, -21.22237532375951
 -0.04879293545828567, -0.7002024735022672, -21.117149131874672
 -0.06723013470543826, -0.7096900682469347, -21.015006678925594
 -0.08605749584800115, -0.7191197973009288, -20.91586569653747
 -0.10520308447701865, -0.7284920257173151, -20.81963463726757
 -0.1246022222537988, -0.7378076296720217, -20.72621575285514
 -0.14419746553420865, -0.747064861240737, -20.63550640873155
 -0.16394918806232184, -0.7561111884844015, -20.54739987512824
 -0.18381199721200936, -0.7649438246072104, -20.46178752923404
 -0.20373696371060035, -0.7737081171188546, -20.378559600408867
 -0.22369050705053262, -0.7824057873739142, -20.297604739491938
 -0.2436440703945646, -0.7910384135628875, -20.21881143454096
 -0.2635731742754608, -0.7996134474336288, -20.142068585577523
 -0.28345912319873356, -0.8081205895421295, -20.067266091454158
 -0.303246732913685, -0.8169522796133069, -19.99429218100544
 -0.322924800252272, -0.8261170046005215, -19.923039962376368
 -0.34251941972436306, -0.8352453970886962, -19.85340637363183
 -0.36204076617931236, -0.8441156113204795, -19.7852881127751
 -0.38147904403747646, -0.8527926541553678, -19.71858532541591
 -0.4008225119474762, -0.8614275106549077, -19.65320034746179
 -0.4200717353586505, -0.8700201069024504, -19.589037276326142
 -0.4392291669323356, -0.878570018081494, -19.52600262076895
 -0.45829856401327973, -0.887080937806337, -19.464005268701015
 -0.4772867784022079, -0.8955387445638763, -19.402956541235397
 -0.4961997067608195, -0.9039553893286746, -19.342769950920207
 -0.5150460691414889, -0.9123250718485818, -19.283361310017423
 -0.5338344438981437, -0.920656356683138, -19.22464850957881
 -0.5525779225559226, -0.9289189674119174, -19.16655162638154
 -0.5713002174174306, -0.9369460407558717, -19.108992290416822
 -0.5900080648176331, -0.9447984686048145, -19.051895022362466
 -0.6087065732847812, -0.95259726398495, -18.99518558140133
 -0.6274079664970884, -0.960363121747352, -18.93879069220358
 -0.6461274728766071, -0.9680925531816125, -18.88263854432069
 -0.6648336338283656, -0.9762482816283382, -18.8266553813676
 -0.6835940450621862, -0.9843406024541229, -18.770775183680755
 -0.7024243873940055, -0.9923775113783697, -18.7149290809429
 -0.721344365756579, -1.0003451626169868, -18.659049297246824
 -0.7403737006066837, -1.0082405567129904, -18.603068595524547
 -0.7595331508407117, -1.0160608363535326, -18.54692013294453
 -0.7788445963676196, -1.0238033062733662, -18.490537269404115
 -0.7983311363422434, -1.0314654648744883, -18.433853365128215
 -0.8180165945213247, -1.0390519451539124, -18.37680154971378
 -0.8379280900051747, -1.046547016861429, -18.319314558082993
 -0.8580925603446978, -1.053955723407348, -18.261324386785216
 -0.8785389521691727, -1.0612811604666517, -18.20276208353038
 -0.8992994457584889, -1.0685132507837132, -18.143557493893407
 -0.9211098166637566, -1.0759942288173687, -18.081366725599633
 -0.9515577345425719, -1.0912952220652754, -17.987174436826933
 -0.9725170309306606, -1.135598557093274, -17.901389890044513
 -0.9950394147675166, -1.1820514275005527, -17.80861252841894
 -1.019003291034121, -1.2305002883738716, -17.709194263354263
 -1.0442847452385813, -1.280859417852792, -17.603479021728837
 -1.0707631465019603, -1.333039058136752, -17.491803219847743
 -1.0983201357551593, -1.3869508099337142, -17.374496143860846
 -1.1268350976928705, -1.4425392853686139, -17.251879456096987
 -1.1561907720129998, -1.4997283020992334, -17.124268884607662
 -1.186267051958028, -1.558464979755175, -16.991973622468116
 -1.2169498909773484, -1.6186555133438638, -16.855299315127233
 -1.2481208715569814, -1.680231891739839, -16.71454664905957
 -1.2796588392917094, -1.7431342838729835, -16.570012670648
 -1.3114451646972896, -1.8072778972007284, -16.421993502472496
 -1.3433631094312695, -1.872553924642582, -16.270785876081053
 -1.375292083667535, -1.938865572195488, -16.116686689384288
 -1.4071120765998142, -2.0060976744878243, -15.959996044254094
 -1.438699848420228, -2.074135102173356, -15.801017718852005
 -1.4695055244160429, -2.14533760432818, -15.639901316743515
 -1.4997446206849503, -2.2172641061411507, -15.477097055709478
 -1.529257592073348, -2.289993459869954, -15.312918486021935
 -1.5579120486875109, -2.363348137978935, -15.147704233647405
 -1.585575272205185, -2.437135173546142, -14.981806671950032
 -1.6121168541004884, -2.5111442115538267, -14.815594105475167
 -1.6374202912797813, -2.5851030367559007, -14.649456035901565
 -1.6613618577563702, -2.658770098246376, -14.483797396539698
 -1.683841778182721, -2.7318227121596728, -14.319049730875408
 -1.7047686379938796, -2.8039181510440865, -14.15566695327838
 -1.7239490541346356, -2.8750264173693054, -13.994089960898634
 -1.7411996399675829, -2.9450933275581335, -13.834778948123803
 -1.7567095442857736, -3.0129818199786635, -13.67833602694579
 -1.7704997293828422, -3.0781178944922942, -13.525330153221738
 -1.7826225929967334, -3.1398906357229883, -13.376359632613973
 -1.7931951741516023, -3.197563407455672, -13.232061974132838
 -1.8023970165577365, -3.25029256523724, -13.093112487041541
 -1.8104630150200958, -3.297153500646055, -12.960221340336526
 -1.8177170143580996, -3.3370627640839476, -12.83414470329764
 -1.8243076500888007, -3.369420342193261, -12.715594485644028
 -1.830509148411375, -3.393383169116502, -12.605336314336263
 -1.837194723069901, -3.4066823968338023, -12.50436367387959
 -1.8449035590213345, -3.407927668884533, -12.413584445611674
 -1.854136597187587, -3.3958511045753283, -12.33392324153255
 -1.8653414461227324, -3.3693025666576837, -12.266318363008182
 -1.8788266573635939, -3.3274477324192597, -12.21169353280657
 -1.8946903903600596, -3.2698959450980785, -12.170924933245313
 -1.912888434811233, -3.196519694734281, -12.144857481158464
 -1.9330654166061292, -3.1078619338585884, -12.13422143637131
 -1.9546837652702242, -3.0048244054088427, -12.139657278040202
 -1.9770241554185723, -2.8886861259189027, -12.161687940844404
 -1.999239981410029, -2.760882619330665, -12.200881515257398
 -2.0207758768737945, -2.6261108351412834, -12.251556636739762
 -2.041437225688533, -2.48866844113266, -12.307578716532149
 -2.0610569534363012, -2.3491276953496083, -12.368792482351195
 -2.07706619674763, -2.215240485120974, -12.433639583930978
 -2.0906360959686134, -2.0841506931078344, -12.502523702410688
 -2.1030450206487297, -1.9519045054568136, -12.575995157500566
 -2.1141971683226526, -1.8189369835204818, -12.653855230169448
 -2.1240270733527558, -1.6856239912677413, -12.73590588824288
 -2.1324693809325304, -1.5523563419106279, -12.821931308786
 -2.1394884089048043, -1.41945832204923, -12.911720395488008
 -2.145042535711381, -1.2872856346488564, -13.005042791794612
 -2.1488605380193073, -1.1568726774002784, -13.101460108962076
 -2.1480071740247615, -1.0389736556632116, -13.19812595365163
 -2.1459937970731042, -0.9218495105430633, -13.29768727215791
 -2.1428139075923127, -0.8057550346556424, -13.399925174521703
 -2.138453347434501, -0.6909773166310456, -13.504605614341951
 -2.1329042761941555, -0.5777892299166782, -13.611492597758115
 -2.1261543850806035, -0.46648765259962266, -13.720337898953783
 -2.1168520700519373, -0.36250287456764907, -13.829345763443522
 -2.1051431226195145, -0.2660099625674093, -13.938249919462539
 -2.0925969680919856, -0.17115937124825376, -14.04858640271574
 -2.0791971490345382, -0.0782377741909781, -14.160115664617672
 -2.064934954266443, 0.01248961866567111, -14.272602145279725
 -2.0498012927367917, 0.10074546890889158, -14.385804435599335
 -2.0323096009175945, 0.17970430804389803, -14.497283025409331
 -2.0136514779396997, 0.25393520665730973, -14.608376426284448
 -1.9944306509001457, 0.32592806261700513, -14.719757520431918
 -1.974620091197238, 0.39534358708165795, -14.831174346241978
 -1.9542208451705143, 0.4619420578360769, -14.942412117287345
 -1.9327369514862554, 0.5229496616679326, -15.052335694944867
 -1.9099084585246828, 0.5763794939172122, -15.160090888684579
 -1.8867592014227181, 0.6271959978962669, -15.267332036061825
 -1.8632860646246563, 0.6751456096791344, -15.373855341653677
 -1.8394882607215521, 0.7199629836866221, -15.479453593265305
 -1.8152769743763546, 0.7608250627204893, -15.583704598212684
 -1.7900812042719938, 0.7935777679813922, -15.684917584284541
 -1.7648066015776145, 0.8234171461786319, -15.784979342125212
 -1.739463567691283, 0.8501200757101577, -15.883715939508662
 -1.714070287093623, 0.8734823126045463, -15.980963386804666
 -1.6886523026440194, 0.8933181650602617, -16.076567942092865
 -1.6628517089838386, 0.9062623322459233, -16.1690993663179
 -1.6371069998506513, 0.915152390744093, -16.25962290819865
 -1.611558392797832, 0.9206555596318666, -16.34834247286082
 -1.5862420964675312, 0.9226392984032181, -16.43514134783847
 -1.5611973088286586, 0.920966370497385, -16.51990407224252
 -1.5364036280462532, 0.9147530916252136, -16.602207036686366
 -1.5119205973683076, 0.9038088630595871, -16.6819289544589
 -1.4879181014345306, 0.8894980591107231, -16.759591810230894
 -1.464439995310416, 0.8717469716873014, -16.835119906741724
 -1.441535425890148, 0.8505297120840116, -16.908461225455163
 -1.41925416851379, 0.825825169578414, -16.979568810071665
 -1.3976172057222378, 0.7970844252104676, -17.04816848761659
 -1.3766451820422656, 0.7636117903288409, -17.113926162347497
 -1.356472954848833, 0.7268714348981342, -17.177450137827833
 -1.337144962561112, 0.6868393036676654, -17.238701506323444
 -1.3187071306705604, 0.6435600445155263, -17.297673744916068
 -1.301203980818677, 0.5970791100494548, -17.35436334093309
 -1.2846778109888746, 0.5474527558037032, -17.408773674343053
 -1.2691681653813731, 0.4948373992470696, -17.460954296061807
 -1.2547058931375616, 0.4394866148572816, -17.511005834103393
 -1.2413225462072681, 0.3813853009117356, -17.558909110914477
 -1.229047202640352, 0.3206077152272394, -17.604682948167188
 -1.21790589613736, 0.25723652080419046, -17.648352049709807
 -1.2079334928942895, 0.19011110676108944, -17.689372044743575
 -1.199167807517167, 0.11993106979304513, -17.72805276352758
 -1.1916204411923967, 0.04728644072868138, -17.764655392311564
 -1.185304317498888, -0.02769484219481544, -17.799233446414412
 -1.180229818164916, -0.10491934542686954, -17.831827024905053
 -1.176384055293683, -0.18404496157325856, -17.86258944549597
 -1.1737559706914507, -0.2649128145270655, -17.89159550500687
 -1.1723711115256314, -0.34772151788997097, -17.91876378064923
 -1.1722264390524977, -0.43237938862335906, -17.94414251972337
 -1.1733155017222998, -0.5187952511376516, -17.96778245875094
 -1.1756284741844585, -0.6068787617295867, -17.989736780347222
 -1.179151165842658, -0.6965309064831458, -18.010065540536438
 -1.1838695759074955, -0.7876887293802095, -18.02881537728064
 -1.1897618506869598, -0.8802413009604738, -18.046058138138196
 -1.1968052284324866, -0.9741069627219099, -18.061855398211684
 -1.20497364325354, -1.0692002925468531, -18.07627399486488
 -1.2142352876673517, -1.1654224186754485, -18.089390093638247
 -1.2245564870166064, -1.262682188374984, -18.101280164273106
 -1.2358987844872669, -1.360880084013965, -18.112028002156215
 -1.2482195757169112, -1.4599141610048836, -18.121722015718632
 -1.2614702704121914, -1.559661401318488, -18.130464118395967
 -1.2756006998494396, -1.6600169555481614, -18.138351271254095
 -1.2905446837912127, -1.76080257416005, -18.145516826921288
 -1.3062431792513767, -1.861902932714005, -18.15206941437536
 -1.3226188560507453, -1.9631271258920844, -18.158153949175944
 -1.3395927225352402, -2.064292406880684, -18.16391486372917
 -1.3570744241719694, -2.16518518142533, -18.1695118830325
 -1.3749645816914846, -2.2655686626294567, -18.175116539591382
 -1.3931559110323732, -2.3651911282801206, -18.180907666259856
 -1.411523035886832, -2.463738670923824, -18.18709102513861
 -1.4299356280001767, -2.560900265964389, -18.1938698427672
 -1.4482489096632563, -2.656323367685889, -18.20146291440998
 -1.466307831028283, -2.749636908995047, -18.210093042248737
 -1.4839380647055318, -2.8404019856042884, -18.220007586161955
 -1.5009463766836237, -2.9281568872591857, -18.231452063018217
 -1.5171597718857583, -3.0125227303156326, -18.244631293987034
 -1.5320796658042468, -3.0924086685975833, -18.26049753765977
 -1.5458917118372106, -3.1685822529974565, -18.279388382830533
 -1.5597772938888124, -3.2457488082505033, -18.29949560789083
 -1.5733936777035211, -3.3225299524674647, -18.32145336603457
 -1.5862837228567095, -3.39657179062354, -18.346335003862936
 -1.598316726239549, -3.467512670630999, -18.37431023266642
 -1.6093518337233537, -3.534975505043115, -18.40554219920748
 -1.6192570125640273, -3.598631120805743, -18.440163425796705
 -1.6278970666569599, -3.6581569872462167, -18.478291308691517
 -1.635149417432169, -3.713288856707961, -18.52000930219904
 -1.6409341114464873, -3.7639837733950596, -18.56529526981165
 -1.645028859607649, -3.8096365356474307, -18.61433554325125
 -1.6473146344306357, -3.8500399795577027, -18.66715370931221
 -1.6476889167344915, -3.8850502126675153, -18.723739993367765
 -1.6460713917202767, -3.914591818263143, -18.78405256640818
 -1.6424025501920525, -3.9386636783336924, -18.848015140808677
 -1.637353932568839, -3.960270840951657, -18.914454576868007
 -1.6305110171290647, -3.978046951521998, -18.983794589211215
 -1.621137377520256, -3.9890918751748563, -19.056992799789388
 -1.609410771788685, -3.994231942120231, -19.133655138944437
 -1.5953791366771277, -3.99376669157295, -19.213574578063056
 -1.57910722200144, -3.988021245358867, -19.29653786392429
 -1.5606662216196945, -3.9773058670904846, -19.382339497246182
 -1.5401450581056828, -3.9619632767120274, -19.47076580955811
 -1.5175568713921326, -3.9420936282478696, -19.561670136227825
 -1.4923072393860508, -3.9158989033098712, -19.655417796881363
 -1.4650533027869859, -3.8853904586137773, -19.751315742492636
 -1.4359077424683875, -3.8508696569000036, -19.849160319482404
 -1.4049818046030946, -3.8126059788246014, -19.94875814364904
 -1.3723837318569014, -3.770834115909413, -20.049925719654482
 -1.3382152985170475, -3.7257451083836886, -20.152490348132716
 -1.3025717778360786, -3.6774883457757666, -20.256288006758787
 -1.2649550325771308, -3.6245001854415233, -20.36151136412435
 -1.2255766007762023, -3.567159866843986, -20.467918730588263
 -1.184924988609577, -3.506729662646236, -20.57507773757476
 -1.143104980226843, -3.443304823392063, -20.682817452355355
 -1.1002051726057527, -3.376916122434698, -20.790975210889194
 -1.0563209089475087, -3.3076017520608874, -20.89938077712583
 -1.011542104565958, -3.235372937406553, -21.007862502821816
 -0.9659514946168546, -3.160204822374884, -21.11624906705348
 -0.9196361776915527, -3.082081785716645, -21.224359126341945
 -0.8726824731040086, -3.000978982050579, -21.332005760032732
 -0.8251742282201668, -2.9168564525539793, -21.438997922864708
 -0.7769503280687289, -2.8289687362939038, -21.545212841014344
 -0.7281918533431284, -2.7374921372833025, -21.65041861412417
 -0.6792224210037592, -2.643142099522038, -21.754305022678878
 -0.6301391218185426, -2.5459320822891787, -21.856657596830715
 -0.58135833951747, -2.4471578439539243, -21.957067081242755
 -0.5328589034721123, -2.346310275228487, -22.055445177477093
 -0.4845420828384679, -2.24273727249904, -22.15166801867258
 -0.4365007983972724, -2.1364942251166124, -22.245519307426495
 -0.38882501335654496, -2.0276453466919278, -22.3367863939094
 -0.3416061693273562, -1.9162846782317469, -22.42525947938045
 -0.29492966065088666, -1.802506787834762, -22.510737441948194
 -0.24887910099621102, -1.686426664752965, -22.593027055043905
 -0.20353461519876603, -1.5681740837855735, -22.67194558927903
 -0.15897298275628025, -1.4478952340410456, -22.747322453498516
 -0.11494494760353824, -1.3246150828916206, -22.818986859093854
 -0.07176000010973915, -1.1993366209592171, -22.886772520446492
 -0.029535955467128616, -1.072408409309231, -22.950561380697707
 0.011661972767626594, -0.9440423565718472, -23.010244318896646
 0.05177698691933941, -0.8144472523122659, -23.0657317934329
 0.09076000925710836, -0.6838295667237864, -23.11695409122431
 0.1285595585530377, -0.5524306599935391, -23.163863384337375
 0.16514200219392094, -0.42044712004642415, -23.206430659892597
 0.20047115828260154, -0.2881070119468552, -23.244648934265843
 0.2345182890238089, -0.15562930882178128, -23.27853136259234
 0.26725987555131425, -0.02323017237201075, -23.308111101036737
 0.2986773885872953, 0.10887844941069424, -23.33344065936731
 0.3289657481610355, 0.24141215411691652, -23.354435337940114
 0.358032866741139, 0.37388112465267476, -23.371204262494054
 0.38575458279338726, 0.5055674065509992, -23.38394840640251
 0.4121273045673348, 0.6362760055677188, -23.39278766133623
 0.43715564286182484, 0.7658409766066834, -23.397853248612464
 0.4608431820144201, 0.8940868925381487, -23.3992924177694
 0.48319777733443203, 1.0208537655285166, -23.397263433283523
 0.5042322801666828, 1.1460017298883767, -23.391933408683162
 0.5239546190547912, 1.2693692939514893, -23.383484047045346
 0.5423818058082794, 1.3908351565457329, -23.372100157150175
 0.5598294815198255, 1.511826581548947, -23.357620639420734
 0.5761294530190639, 1.631398000961209, -23.340393301638393
 0.5911525779251932, 1.7486461297400109, -23.320810401528103
 0.6049189153275734, 1.8634672452408003, -23.299084365142747
 0.6174490793427605, 1.9757657321160764, -23.275429795199592
 0.6287049862869782, 2.0851617296492724, -23.25013409501976
 0.6386013115393663, 2.1911634391520014, -23.223503522332475
 0.6473145647016612, 2.2943201636455908, -23.19562886468792
 0.65486933153678, 2.3945632304024658, -23.166727299688056
 0.6612965121356744, 2.4918555737179715, -23.13700736094956
 0.666617619159851, 2.5861191281641593, -23.106686387385533
 0.6708603149913852, 2.6773055199086886, -23.07597212374951
 0.6740510867005902, 2.765362864779859, -23.045070195806556
 0.6763449204959482, 2.8511114328054346, -23.013905487809073
 0.6776783423913706, 2.9340652242083336, -22.982791850014465
 0.6780112286928439, 3.013602401284709, -22.952114376602207
 0.6773712022895726, 3.0896636661101446, -22.92206697404548
 0.6757860794204156, 3.16218723090993, -22.89283869646166
 0.6732840405239582, 3.231108852685499, -22.864613274304197
 0.6698928443508265, 3.2963576516789628, -22.837569915084213
 0.6653388138943015, 3.356243651796065, -22.812400566389016
 0.6599483806585518, 3.412258956973539, -22.789076878210064
 0.6535887975773491, 3.46527584023831, -22.766635460874042
 0.6458967735239654, 3.5150310318754783, -22.74418949752924
 0.6369090294244923, 3.561532046119942, -22.721858097195668
 0.6266579821984255, 3.604727812723281, -22.699774896301136
 0.615188470923238, 3.6446273203331323, -22.678046421471194
 0.6025378258565137, 3.681178761891669, -22.65679332902665
 0.5885432844766143, 3.7130023732782345, -22.63659677954704
 0.5732416741749002, 3.7399568951138096, -22.61760200202217
 0.5569682050856066, 3.7636974030086856, -22.599321607485926
 0.5397811358552573, 3.784242838292596, -22.58182357891513
 0.5217357172111861, 3.801577076581531, -22.565182542570312
 0.5028911163007042, 3.8156732779207547, -22.54947273584319
 0.48319706480577373, 3.8255614071182853, -22.535111141487665
 0.46259156761026077, 3.8309231660159844, -22.522233264869566
 0.4414866379503124, 3.8344571918394577, -22.50990141896624
 0.4198917255793724, 3.8351838494305395, -22.498542807814374
 0.39786660767913773, 3.833081026163532, -22.488202919887875
 0.375473863781151, 3.8281397293930683, -22.478918784362147
 0.35255578679393373, 3.8177154365097343, -22.471725969107215
 0.3294286934335542, 3.8044085160243157, -22.465668278298534
 0.30619701151445256, 3.788630200715878, -22.460614652952064
 0.28291926681211343, 3.770364194624139, -22.456590867188726
 0.2596554718109232, 3.749605789906465, -22.453616237372877
 0.2363598952653092, 3.723991790131291, -22.45262850906193
 0.2132256303562876, 3.6957142283543196, -22.452789688379013
 0.19022201639542047, 3.667567675227792, -22.45295276557875
 0.16745263046072267, 3.638261942332262, -22.453673016021593
 0.14499204248500241, 3.6069257847196576, -22.45532050069143
 0.12286990710420476, 3.571441616779539, -22.458743702464304
 0.10119062306309345, 3.5340023670611993, -22.46308307786439
 0.08000739808050028, 3.4949335179810133, -22.468218336103252
 0.05936255270793467, 3.4542245349837764, -22.474160628539217
 0.03929776876396751, 3.411894877514575, -22.480909212918487
 0.019862333726594628, 3.366397254550958, -22.48908280176288
 8.097493320526894E-4, 3.3223003106225435, -22.4967961597634
 -0.017568111015568988, 3.276961198284646, -22.505184911625836
 -0.035238681982635356, 3.2303837675728264, -22.51425600439917
 -0.05217025254328256, 3.1825843078618963, -22.52401211797409
 -0.06823899410051837, 3.1322430100632292, -22.535002773411083
 -0.08348771073069194, 3.0807214694906557, -22.546681930055552
 -0.09790962440161444, 3.02834404568162, -22.558929483280494
 -0.1116856060942144, 2.976353112601954, -22.571219849567683
 -0.12485448585811199, 2.925084606712668, -22.583426258718344
 -0.13710627276168985, 2.8724562117554724, -22.5964505075066
 -0.14841661639882098, 2.818539700277408, -22.610277646898894
 -0.15884241252539866, 2.7641001263227323, -22.624609118701528
 -0.16837152422008117, 2.7091596925005614, -22.63945377070915
 -0.17699442929817444, 2.6537551197925513, -22.654815639692234
 -0.1847036857687332, 2.597929062385402, -22.670697466814495
 -0.191791493231678, 2.542984659775601, -22.68737095102708
 -0.19788994081203803, 2.4877696519595083, -22.70670188555188
 -0.2031990578130003, 2.4337300557498955, -22.728596306213127
 -0.20772886682287783, 2.380858849479732, -22.75309609511974
 -0.21149467440310943, 2.329169047894072, -22.780238997466665
 -0.21451063874074805, 2.2786569263974936, -22.810074252279062
 -0.2167799105652506, 2.2292556954325176, -22.842682383350073
 -0.21860766285908184, 2.1820557397408304, -22.877639103319552
 -0.21989627904989462, 2.136630420547375, -22.91519804361548
 -0.22055042634076827, 2.0924792663807716, -22.95564261286822
 -0.22060579560994853, 2.0496287501022508, -22.999030832728415
 -0.22010437946584105, 2.0081159946619973, -23.045420287235736
 -0.21908675690138857, 1.9679544395617048, -23.09488272560541
 -0.21760968091662214, 1.9292055064553508, -23.147472650173572
 -0.21590697619029164, 1.8925041616244933, -23.202993652247297
 -0.21400063087350674, 1.8577359177431025, -23.261586118602025
 -0.2118045597337037, 1.8244076624826804, -23.32355814245053
 -0.20939197810373145, 1.79255606173254, -23.388986690180555
 -0.20683609835202077, 1.7621949326559838, -23.457960242040755
 -0.20422357254762424, 1.7333586889137598, -23.53055894875974
 -0.20167933088570678, 1.7061817848573733, -23.60681887267886
 -0.19934476147013314, 1.6808173232024861, -23.68676493776895
 -0.1973565980438945, 1.6573375386766729, -23.77045604773909
 -0.19571198901845577, 1.635405030257774, -23.85813029702152
 -0.1945051967027247, 1.6149449633148334, -23.949903014384706
 -0.1938585128535486, 1.5959378654950616, -24.04585824404393
 -0.19390308116941846, 1.5783600024019693, -24.146073110415585
 -0.19476855691923767, 1.562153335125449, -24.250629053303776
 -0.19672113865879126, 1.5476170379932244, -24.359437582121295
 -0.19986320954592252, 1.534542829772037, -24.472616467253033
 -0.20426986944161563, 1.5226276072399534, -24.590309742964855
 -0.21009209171563725, 1.5117621271717114, -24.71255726284871
 -0.2174836884386071, 1.5018215168209768, -24.839384249466065
 -0.2265758574026151, 1.4926025650801429, -24.970826348436972
 -0.2375321147821552, 1.4839689258168183, -25.106865303496793
 -0.25052461804403237, 1.4757926349570072, -25.247452282670103
 -0.26579762465418, 1.4681166445778575, -25.392437744161693
 -0.28360590115954487, 1.4609945790066559, -25.541638322638782
 -0.30390774979223956, 1.4537406857898008, -25.695162842219972
 -0.3268514297693006, 1.4461600348065704, -25.852881077350194
 -0.35257605549190707, 1.4380460239767623, -26.014641452959676
 -0.3812133390197019, 1.4291901280300539, -26.180268574408018
 -0.41288766247554065, 1.4193870445191723, -26.349563315835837
 -0.4477098964295738, 1.4084256263888815, -26.522310088464334
 -0.485653982139425, 1.3957939005850553, -26.698391030607866
 -0.5269987539007772, 1.381740034887894, -26.8773734502389
 -0.5719507329369975, 1.3663580414362735, -27.058874281466814
 -0.6203565071036792, 1.3489610032900154, -27.2428252049299
 -0.6722846358658572, 1.3294117775907086, -27.428930245933884
 -0.7277970758539762, 1.3075955333433646, -27.616886146010103
 -0.7871122561296104, 1.2836857986451862, -27.807603549088803
 -0.850216993990137, 1.2568154175472608, -28.0012874157687
 -0.9168784609160676, 1.2258182161183324, -28.19663938204044
 -0.9871019881936931, 1.1906065644454067, -28.393035186531343
 -1.0609188496646578, 1.151210606524887, -28.589874716226277
 -1.137787923595841, 1.106342542509108, -28.787023465494347
 -1.2183886150307126, 1.0576037402865932, -28.983473691599425
 -1.30262059941305, 1.0048354155246595, -29.178890349147864
 -1.3905696977739304, 0.9483047864120766, -29.372850182417103
 -1.4823296068567133, 0.888312411239816, -29.56498308484166
 -1.578012583582046, 0.8252136014384952, -29.754961110237453
 -1.6777380411891771, 0.7593926161304303, -29.942502728921554
 -1.7815114156682164, 0.6909721215537483, -30.127448492152496
 -1.888817763297899, 0.6187501554264365, -30.309977883897655
 -2.0006003795923366, 0.5451776811407556, -30.489390557420517
 -2.116982792157499, 0.4707234876406341, -30.665550647397005
 -2.2381558848227394, 0.396056939545546, -30.838296984354443
 -2.3641541343443437, 0.32151089531227983, -31.00758107937353
 -2.495014278376644, 0.24746382469453998, -31.17336038041495
 -2.630806727742236, 0.17443182419945247, -31.335569365796125
 -2.77156481998077, 0.10290214871721881, -31.49415940118708
 -2.917281184515484, 0.03332816022651297, -31.64909520578886
 -3.0677703200860797, -0.03427596924423293, -31.800429738919068
 -3.2225915801654326, -0.10066849651293452, -31.948306381806898
 -3.3822567229696814, -0.16354053273629265, -32.092360179855355
 -3.546597286719371, -0.2225023062193494, -32.232574190035656
 -3.715398142707789, -0.2771972987364979, -32.36893288526204
 -3.888389713221695, -0.32733221467394635, -32.50142649674743
 -4.065229989105669, -0.3727472118070718, -32.63006054707195
 -4.245594694689736, -0.41312446634196975, -32.75480628036257
 -4.429094422005091, -0.4482705096651085, -32.87565470838484
 -4.615301084622172, -0.4780460017074639, -32.99260201981001
 -4.803752742975914, -0.5023688703535731, -33.105650831628004
 -4.993959351360341, -0.5212170141460164, -33.21481144289305
 -5.1854093570033815, -0.534630310915192, -33.32010296240564
 -5.377577004779321, -0.5427118148903887, -33.42155420819927
 -5.569882281238338, -0.5459491149939444, -33.51925308539878
 -5.761897451559722, -0.543896635970476, -33.61314249701638
 -5.953108536564607, -0.5366790510268931, -33.70326653802761
 -6.142984954188583, -0.5247122673284745, -33.78970855979779
 -6.3310257154996075, -0.5084636916766196, -33.87255864092883
 -6.516766252448377, -0.48844830547059015, -33.95191224180951
 -6.699784383629735, -0.4652238093004375, -34.02786835906106
 -6.87970507770325, -0.4393866286268303, -34.100527391250914
 -7.056185897506992, -0.41177885056116315, -34.17000291980314
 -7.2289675424760125, -0.3829721407165205, -34.23637907435146
 -7.397846763967798, -0.35350434912912365, -34.29973379912689
 -7.5626764759090985, -0.32385128357177106, -34.36014211132442
 -7.723429158999249, -0.29109707521934625, -34.41746982751741
 -7.91533001567133, -0.26121167063836026, -34.52864692984427
 -8.05103966671458, -0.2506785884631707, -34.568692306586705
 -8.183784718180561, -0.2407486034302334, -34.59868785446087
 -8.318067146286964, -0.23149129769158694, -34.62565274156634
 -8.45397605117496, -0.2227059300019274, -34.649553669741984
 -8.5915868995534, -0.21425852886078867, -34.67035258794108
 -8.730962620293468, -0.2060561873908503, -34.688007142125784
 -8.87215395473639, -0.19803292577264076, -34.70247101337347
 -9.015199411105215, -0.19014130931677464, -34.71369423784309
 -9.16012486449813, -0.18235160576254172, -34.721623692809786
 -9.30694363424712, -0.17463040604117597, -34.726202907329636
 -9.455655104767287, -0.1669694176771307, -34.727373514217675
 -9.606245115865658, -0.1593487198275947, -34.725074633333165
 -9.758671156082903, -0.15218254584849356, -34.71925435341507
 -9.912890924196955, -0.14527752531458726, -34.709839242755464
 -10.068853782779284, -0.13837452748604306, -34.69676142509787
 -10.226483410734545, -0.1314751465041667, -34.67995934781578
 -10.385686748423803, -0.12458266537416107, -34.659373233749285
 -10.546353620760996, -0.11770136923657915, -34.63494603453107
 -10.708356460983019, -0.11083609205797351, -34.60662445760713
 -10.87155015765402, -0.10399182783872996, -34.57436005226196
 -11.035772042527643, -0.09717340045755973, -34.538110342768576
 -11.200842035079024, -0.09038519118199717, -34.497839994391285
 -11.366564117243641, -0.08362766650396825, -34.45352297305584
 -11.532704558374293, -0.07763897112244555, -34.40515548485653
 -11.69904883804175, -0.07164114512646069, -34.352708345822506
 -11.865352301889361, -0.06563800387416463, -34.29618718747461
 -12.031356313197662, -0.05963269436861951, -34.23561043360618
 -12.196789504506215, -0.05362716317589822, -34.17101023614562
 -12.361369186574155, -0.04762241739577289, -34.10243332048089
 -12.524802907217223, -0.04161882659041494, -34.02994169559843
 -12.686790137665628, -0.0356164428157828, -33.953613211093625
 -12.84702405978635, -0.029615313807979327, -33.87354194678005
 -13.005193423873461, -0.023615765390939458, -33.789838425110744
 -13.160979368244849, -0.018152904596961617, -33.7026429690909
 -13.31406555965258, -0.012790432476511682, -33.61208147887079
 -13.464141540484649, -0.007379982256541351, -33.51831094639966
 -13.61089749872932, -0.0019291039036380964, -33.421507095952094
 -13.754028292330077, 0.0035540336654555915, -33.32186042409442
 -13.89323500066893, 0.009060709133669409, -33.219575446754675
 -14.028226308814803, 0.014581673575606358, -33.11486984900712
 -14.158719698755341, 0.020107190351247417, -33.00797356431094
 -14.284442425630417, 0.025627066919442942, -32.89912781472087
 -14.405132261361562, 0.03113065985362351, -32.78858414510852
 -14.52053799247742, 0.03660683907229312, -32.67660348521901
 -14.630420562855992, 0.04180564154271749, -32.563461258565845
 -14.734545392761074, 0.04666325374508906, -32.449430933176906
 -14.83269486371648, 0.05149448344335761, -32.33478959146916
 -14.924661792070195, 0.056279914727817015, -32.219828574121635
 -15.010227547342897, 0.06186386129029853, -32.10481364153861
 -15.089234410591583, 0.06739885056641326, -31.990087821099383
 -15.156087790183669, 0.07269823761259886, -31.86948650734771
 -15.214151540229395, 0.07783381554536695, -31.74080925529181
 -15.271807808207441, 0.0830444701762072, -31.607737784137637
 -15.329355048768086, 0.08827650385947994, -31.4701793738569
 -15.38707704968663, 0.09350585710925396, -31.328030241095114
 -15.445243124835203, 0.09868974890544457, -31.181176227249463
 -15.504109159722734, 0.10324884627654818, -31.029501239252966
 -15.563898189072113, 0.10771077571219057, -30.87285183672151
 -15.624828539514, 0.11211117906100476, -30.711080718404766
 -15.687098436806881, 0.11646576683379528, -30.54403196470325
 -15.750850693644448, 0.12213809233150652, -30.37150529499523
 -15.816300297931813, 0.12790474837955323, -30.19338790990272
 -15.883571985079598, 0.133547066594342, -30.00951422297127
 -15.952758052206836, 0.13884688549419621, -29.8197202617769
 -16.023899236761622, 0.14374693418674278, -29.623839918111766
 -16.096998942604987, 0.14866041632002625, -29.42171863393532
 -16.172025043494976, 0.1536235387361483, -29.213231504489578
 -16.2488978781086, 0.15866792160381815, -28.998282985417557
 -16.32748714352767, 0.16381946729914298, -28.776815698781057
 -16.407609820909393, 0.16909658662544746, -28.548819811378436
 -16.489018441134327, 0.1744575349408365, -28.314337404877694
 -16.57143242300485, 0.17974163579880964, -28.073488163985147
 -16.654510012134004, 0.18507021542241697, -27.826457881051777
 -16.73787388196093, 0.1904429870972717, -27.573517650086018
 -16.821114887921908, 0.19585141146489937, -27.31502541999929
 -16.90380298190714, 0.20128272397625935, -27.05142744062106
 -16.98548752546735, 0.20699041456212508, -26.783251483905318
 -17.06573887029608, 0.21254267722682862, -26.51111334791331
 -17.144132709634107, 0.21806257025287457, -26.235695024175712
 -17.220287406198757, 0.22359166247605106, -25.95774047372425
 -17.293869750473906, 0.22908661182292273, -25.67803839688853
 -17.364602804807987, 0.2345072418463925, -25.39740513500972
 -17.43227315976342, 0.23981693765914935, -25.11666793056167
 -17.49669546217734, 0.24560085982781943, -24.83664223841044
 -17.557790314655747, 0.25133123909847965, -24.55813289079481
 -17.615551458966284, 0.25685344138971267, -24.28191337020878
 -17.670029295438855, 0.26214909941849596, -24.008714867120958
 -17.721290900724327, 0.2678148830665092, -23.739218261040634
 -17.76948652902267, 0.27332913148122323, -23.474056251548596
 -17.814824209838118, 0.27854466192991306, -23.213810732868115
 -17.857537701038794, 0.28360955741496574, -22.959011061929495
 -17.89783946423953, 0.28908709138300304, -22.71013582549056
 -17.93604133296318, 0.2942439123286219, -22.46761676437721
 -17.972455226871894, 0.29908767434782263, -22.231842900495163
 -18.00737909493702, 0.30408723517563324, -22.003165915533852
 -18.04111826438276, 0.30910634565417644, -21.781900224935356
 -18.074026314917436, 0.31378504537574314, -21.568328006227212
 -18.10644565032266, 0.31813265152061876, -21.36270551789228
 -18.138685076665283, 0.3227272754071659, -21.16527051689411
 -18.171072905013325, 0.3271910001295734, -20.976234698740708
 -18.19570844719404, 0.33066227621029504, -20.79318745928764
 -18.21147935735673, 0.33328118407705726, -20.61339411253943
 -18.225357957966352, 0.3358940850783608, -20.436526604162715
 -18.237333255623163, 0.3388058192136503, -20.262600199980575
 -18.24744039747067, 0.3414867360944394, -20.091619150619966
 -18.255695900270187, 0.3439461785193709, -19.923591520975016
 -18.262111425920395, 0.34619560208744493, -19.758524884760682
 -18.2666931782814, 0.3482995830747053, -19.59642726914284
 -18.26940701632742, 0.35085158706370556, -19.437315823295684
 -18.2702692642994, 0.3531800943192034, -19.281191446085007
 -18.269277962992838, 0.3552952155741153, -19.128062511694786
 -18.26642740532327, 0.3572064945691358, -18.977938000289868
 -18.261708393136878, 0.3589227894108878, -18.830827631408866
 -18.25510865527815, 0.36044703620590823, -18.686741883983945
 -18.246594775967655, 0.362243424524108, -18.54569976353549
 -18.236144094536805, 0.36403771199140755, -18.40771234568113
 -18.223745572647886, 0.36562669706907547, -18.27278992577139
 -18.209378306093548, 0.36701898535762395, -18.140946858198465
 -18.193018990521345, 0.368222343249844, -18.01219852816741
 -18.174642114797493, 0.36924388151497134, -17.88656135900063
 -18.15422014518933, 0.37009010948151605, -17.764052806312417
 -18.131723696550498, 0.3707669942325461, -17.64469134292569
 -18.107121701865733, 0.371279740540065, -17.528496430137505
 -18.0803766165621, 0.3718145337080886, -17.415491457767523
 -18.051446274468773, 0.37241469989952825, -17.305700293564474
 -18.020304550234805, 0.3728312379093119, -17.199140695123553
 -17.986916280234706, 0.3730693994340108, -17.095835474468487
 -17.9512451142745, 0.3731337550861498, -16.99580823701202
 -17.91325362558327, 0.373028315928649, -16.899083334546447
 -17.87290341325198, 0.3727565643786786, -16.805685814264862
 -17.830155195630468, 0.3723214772733645, -16.715641365787324
 -17.78496889532748, 0.3717255415923889, -16.62897626658851
 -17.737303716378936, 0.3709707628147439, -16.545717326157686
 -17.687118378165273, 0.37005284568192093, -16.465891707832014
 -17.634370535884123, 0.3689839150365199, -16.38952734406012
 -17.579017779080374, 0.367759231144482, -16.316652187577304
 -17.521017067586662, 0.366378788163687, -16.247294601013774
 -17.46032492445068, 0.36484201320243426, -16.18148318936875
 -17.396897472869057, 0.36314770831732873, -16.119246741198353
 -17.330690466212253, 0.3612939788463804, -16.06061417005544
 -17.26165931071093, 0.3592781393939174, -16.00561445632904
 -17.189759079906086, 0.35709659136751354, -15.954276589796397
 -17.114944519477874, 0.3547446636609665, -15.906629513325434
 -17.03717004037757, 0.352216404741831, -15.86270206836139
 -16.956389695215684, 0.3495043986397187, -15.822522945046906
 -16.87255714483727, 0.34659905755582593, -15.786120627182662
 -16.785626864485206, 0.34345441750490235, -15.75352244101732
 -16.695550170201656, 0.3400410868638295, -15.724756544159412
 -16.602277292720537, 0.33637813496602864, -15.699851805675774
 -16.505750899879803, 0.33277091918367013, -15.678842593712766
 -16.345363630042346, 0.3281566456151663, -15.684760981643443
 -16.119609235366756, 0.32200703619511223, -15.719863906340386
 -15.885616970477685, 0.31533315365133685, -15.763440213875805
 -15.643926382726036, 0.3080957886528964, -15.814849715627332
 -15.395068804841996, 0.30023475157123164, -15.8734708903762
 -15.139562696782727, 0.29163404863990156, -15.93869903848888
 -14.87791240361631, 0.283731099617652, -16.009965756515918
 -14.610705833625541, 0.2755817417547501, -16.08664522879284
 -14.338453262914307, 0.26671487014708173, -16.168151238720256
 -14.06161704685518, 0.25722023129311217, -16.25392525293436
 -13.78072476123943, 0.2487039939736873, -16.343405921038737
 -13.496306050755187, 0.23938595094584392, -16.43597453494183
 -13.208775091703911, 0.23008463295327386, -16.53108993812983
 -12.918678327056872, 0.22134491043684712, -16.628142879835995
 -12.626440174328131, 0.2114518976924606, -16.72651765515506
 -12.33247069615454, 0.2029375747395436, -16.82565749069872
 -12.037221124317124, 0.19331840999943434, -16.9248718187369
 -11.741025845183032, 0.18512584034643886, -17.023574859056268
 -11.44427669122221, 0.17567786419067427, -17.12101254228737
 -11.147219678768746, 0.1676306030420633, -17.216543757914952
 -10.850104708540568, 0.1590156231107155, -17.30936173015035
 -10.55312333312729, 0.15091203583943946, -17.398663953905615
 -10.256271612708073, 0.1430238885393365, -17.48359824431385
 -9.959573018059817, 0.134860899080176, -17.563167469567833
 -9.662769828857558, 0.12787700820396752, -17.636394209774952
 -9.365480522973575, 0.12073046686685235, -17.7021010559432
 -9.06711743123748, 0.1134962436731149, -17.75902604821354
 -8.766694812184618, 0.10742082979573869, -17.80589435296422
 -8.46294761727907, 0.10094209445495639, -17.841228241598046
 -8.154158241483131, 0.09508671102569649, -17.863637450640898
 -7.83803212296224, 0.0895978609089601, -17.87185216909422
 -7.511837710825075, 0.08393325861767587, -17.86490214666702
 -7.172239285413593, 0.07927613320969862, -17.842693795414792
 -6.8157147010849215, 0.07426527878063655, -17.80623212501124
 -6.438772025898391, 0.06944335172104676, -17.758608213681093
 -6.038929551431444, 0.06511209856808331, -17.705395737728715
 -5.615636713016248, 0.060687023101362425, -17.65494779148109
 -5.17152223765442, 0.056027718094741885, -17.617914187000284
 -4.71324908711752, 0.05117386873320107, -17.60561153149257
 -4.251398774150103, 0.04677320810373875, -17.627589443140334
 -3.7989822254161947, 0.04251846530206682, -17.689076307914476
 -3.3691579188604224, 0.038356175540164905, -17.789649970982815
 -2.972653231697443, 0.03397315418435931, -17.923791044394733
 -2.6164696900746005, 0.030817146873910406, -18.082758973240594
 -2.3034185146897648, 0.027875312310096323, -18.256498830293737
 -2.0330090004853045, 0.02523201728609281, -18.435681608661483
 -1.8025389057745653, 0.022921476470408986, -18.612538492846916
 -1.608157228070124, 0.02092718586292669, -18.78112181336284
 -1.445663366050137, 0.019209193824051285, -18.937146102112976
 -1.3110105714205202, 0.01769925253768273, -19.077649504891568
 -1.1979909501874029, 0.016359175343426957, -19.206231567191637
 -1.0986523572579485, 0.015579184560621073, -19.32870405112735
 -1.00837581319378, 0.014763564799873174, -19.447105738207302
 -0.9262295309362947, 0.013890023074293933, -19.561371403844255
 -0.851383510072556, 0.013041236991463478, -19.67150897631508
 -0.7831124998878316, 0.01248026988942319, -19.777581718038977
 -0.7207093954544614, 0.011777412364082585, -19.87965539520516
 -0.6635823217246921, 0.01099035804614612, -19.977848376039024
 -0.6112280979619937, 0.010419114730238266, -20.072305830833383
 -0.5631578870626948, 0.00986272259414378, -20.163157165112622
 -0.5189436256424553, 0.009226577374563227, -20.250546213667953
 -0.47823364321747075, 0.008732850658501268, -20.334631375409945
 -0.4406797368338058, 0.00818801756724663, -20.415549647297578
 -0.4059824719659666, 0.007544972003952766, -20.49344567578385
 -0.37391180825490533, 0.007145458880255751, -20.568473597281308
 -0.3442020493699056, 0.006650561539179534, -20.64075524640785
 -0.31665778149077095, 0.006207182535548417, -20.7104280531612
 -0.2910862441502813, 0.005748821937990867, -20.777612677261256
 -0.26731313153984804, 0.0052062650638819985, -20.84242671339116
 -0.24521317680994592, 0.004839304621408802, -20.904991702879453
 -0.22462074610509486, 0.0043282506453368175, -20.965404430593576
 -0.205449251847452, 0.00403854583932961, -21.023778922335605
 -0.18755040796215106, 0.003565427332276716, -21.080198205234183
 -0.1708551154705953, 0.003221103943958581, -21.134763711692035
 -0.15524759647304887, 0.002732127926337813, -21.18755349354
 -0.14067895599920632, 0.002435811407760835, -21.23865994579631
 -0.1270458955956224, 0.0020239332902503016, -21.28815167097099
 -0.11430463411404101, 0.0017389900176751905, -21.33610927953926
 -0.10237557964606747, 0.0013886015493952408, -21.38259746359562
 -0.09120587902180688, 0.0010017423920491986, -21.42768295572274
 -0.08075350075096477, 6.729235933929933E-4, -21.47143197675438
 -0.07095815789225668, 2.589066000645568E-4, -21.513900383997495
 -0.06180122081537398, 1.3158423655124096E-5, -21.55515214332479
 -0.05322074798175258, -3.014716857562272E-4, -21.59523545814816
 -0.04518777853111278, -6.09963487823495E-4, -21.63420403911079
 -0.03767269975992171, -8.73101374667562E-4, -21.672108566712883
 -0.030631289519945426, -0.0012333195230533889, -21.708992756423804
 -0.024048522415442086, -0.0015498470674969456, -21.74490542403029
 -0.017899222850632057, -0.0018107461139494907, -21.77989031243969
 -0.012149064696700407, -0.00212179633328613, -21.813986434010705
 -0.006783763004253096, -0.002395236755795449, -21.847235784546033
 -0.0017828497882259597, -0.0026255071189451584, -21.8796768313207
 0.0028811985142453977, -0.0028979430165348985, -21.911344472315985
 0.0, 0.0, -21.89341013701687
 0.0, 0.0, -21.89341013701687
 0.0, 0.0, -21.89341013701687
 0.0, 0.0, -21.89341013701687
 0.0, 0.0, -21.89341013701687
 0.0, 0.0, -21.89341013701687
 0.0, 0.0, -21.89341013701687
 0.0, 0.0, -21.89341013701687
 0.0, 0.0, -21.89341013701687
 0.0, 0.0, -21.89341013701687
 0.0, 0.0, -21.89341013701687
 0.0, 0.0, -21.89341013701687
 0.0, 0.0, -21.89341013701687
 0.0, 0.0, -21.89341013701687
 0.0, 0.0, -21.89341013701687
 0.0, 0.0, -21.89341013701687
 0.0, 0.0, -21.89341013701687
 0.0, 0.0, -21.89341013701687
 0.0, 0.0, -21.89341013701687
 0.0, 0.0, -21.89341013701687
 0.0, 0.0, -21.89341013701687
 0.0, 0.0, -21.89341013701687
 0.0, 0.0, -21.89341013701687
 0.0, 0.0, -21.89341013701687
 0.0, 0.0, -21.89341013701687
 0.0, 0.0, -21.89341013701687
 0.0, 0.0, -21.89341013701687
 0.0, 0.0, -21.89341013701687
 0.0, 0.0, -21.89341013701687
 0.0, 0.0, -21.89341013701687
 0.0, 0.0, -21.89341013701687
 0.0, 0.0, -21.89341013701687
 0.0, 0.0, -21.89341013701687
 0.0, 0.0, -21.89341013701687
 0.0, 0.0, -21.89341013701687
 0.0, 0.0, -21.89341013701687
 0.0, 0.0, -21.89341013701687
 0.0, 0.0, -21.89341013701687
 0.0, 0.0, -21.89341013701687
 0.0, 0.0, -21.89341013701687
 0.0, 0.0, -21.89341013701687
 0.0, 0.0, -21.89341013701687
 0.0, 0.0, -21.89341013701687
 0.0, 0.0, -21.89341013701687
 0.0, 0.0, -21.89341013701687
 0.0, 0.0, -21.89341013701687
 0.0, 0.0, -21.89341013701687
 0.0, 0.0, -21.89341013701687
 0.0, 0.0, -21.89341013701687
 0.0, 0.0, -21.89341013701687
 0.0, 0.0, -21.89341013701687
 0.0, 0.0, -21.89341013701687
 0.0, 0.0, -21.89341013701687
 0.0, 0.0, -21.89341013701687
 0.0, 0.0, -21.89341013701687
 0.0, 0.0, -21.89341013701687
 0.0, 0.0, -21.89341013701687
