0.0, 0.0, 0.0
0.0, 0.0, 0.0
0.0, 0.0, 0.0
0.0, 0.0, 0.0
0.0, 0.0, 0.0
0.0, 0.0, 0.0
0.0, 0.0, 0.0
0.0, 0.0, 0.0
0.0, 0.0, 0.0
0.0, 0.0, 0.0
0.0, 0.0, 0.0
0.0, 0.0, 0.0
0.0, 0.0, 0.0
0.0, 0.0, 0.0
0.0, 0.0, 0.0
0.0, 0.0, 0.0
0.0, 0.0, 0.0
0.0, 0.0, 0.0
0.0, 0.0, 0.0
0.0, 0.0, 0.0
0.0, 0.0, 0.0
0.0, 0.0, 0.0
0.0, 0.0, 0.0
0.0, 0.0, 0.0
0.0, 0.0, 0.0
0.0, 0.0, 0.0
0.0, 0.0, 0.0
-0.012171511105605104, -0.010703082573373823, -4.938221515110586E-4
-0.022519777636922922, -0.01872641776056394, -0.001672207836952655
-0.03263143458595391, -0.027836318405498606, -0.0029455096900864453
-0.042473176900202775, -0.03812630003019457, -0.004323754198561125
-0.052034776079930484, -0.04970081056981357, -0.005817857823117278
-0.06136824386968537, -0.06268161016956686, -0.007440131245679771
-0.07028411444867619, -0.0771660069695832, -0.009123267948307423
-0.07883227953895153, -0.09329452732790022, -0.010901616966220162
-0.08706763354522046, -0.11122048493120218, -0.012795313083635462
-0.09487331138591351, -0.1310813287586785, -0.014764506314665748
-0.10221422116988527, -0.15303776593182317, -0.016804829387565334
-0.10910517344281442, -0.17727054377130624, -0.018920275718153134
-0.11545501609203612, -0.20395090856511144, -0.021055342773879104
-0.12122743213102274, -0.23326982980181565, -0.023193840936162835
-0.12639552434390008, -0.26542918036947816, -0.025332124057968586
-0.13096277676527712, -0.3006428862049608, -0.027439840028962825
-0.1348306325713186, -0.33910464327588663, -0.029473000907762614
-0.13795885702497446, -0.38101685711192923, -0.03139112896033325
-0.1403054508196308, -0.4265711677055273, -0.03314995872270077
-0.14186421266135824, -0.4759488513210681, -0.03468658960749316
-0.1425564249266995, -0.5292777434357139, -0.03593212310451488
-0.14234955971985497, -0.5866486754716629, -0.03681173765179635
-0.14121954119481078, -0.6480857033035248, -0.037242747715473534
-0.13914626210262232, -0.7135178596899414, -0.03711953357546405
-0.13614193277682188, -0.7827485961378318, -0.0362270680055754
-0.1322428359542001, -0.8554604414384133, -0.034530443043575665
-0.12748974981834582, -0.9311432315207893, -0.03192764385746705
-0.12196196729658851, -1.0090911980093318, -0.028330573538765114
-0.11576594284951938, -1.0883813900586112, -0.023687403862149736
-0.10911280540885374, -1.1677856793882424, -0.017546703211885006
-0.10220242471078361, -1.2459658085059417, -0.010029944952906544
-0.09518810568082403, -1.3214285643723547, -0.001442914542834739
-0.08854233783953203, -1.392379960678042, 0.008936915276550272
-0.08236935304478765, -1.457294465842578, 0.02034221441362849
-0.07714980376488828, -1.5145260478578537, 0.0331694209139638
-0.07291249207858402, -1.5628926243254422, 0.046610375369047
-0.07035443015461845, -1.601227881235058, 0.06138762328293035
-0.06917763847466135, -1.6292153223521022, 0.07618495284539495
-0.06952134837435675, -1.6467642125405537, 0.0908332140219843
-0.07202306601281, -1.6540742817492031, 0.10602374167295192
-0.07612665729356671, -1.6520784868343927, 0.12052349875177348
-0.08176699304093893, -1.6418103191268352, 0.13414327755561184
-0.08882532235882612, -1.6244906096632108, 0.14675144596182377
-0.09713223679895028, -1.601414845230491, 0.1582446671548191
-0.10650286230292194, -1.5738329386295131, 0.16844440544603656
-0.11673240272004998, -1.5429293187639685, 0.1773328855897418
-0.12760703662055722, -1.5097551188936036, 0.18492725192404202
-0.13894265536649175, -1.475177861223273, 0.19113955665045668
-0.15056020529184735, -1.4399338641799462, 0.19610840684412711
-0.16230365911669042, -1.4045929887606818, 0.19989786148196553
-0.17424601751133223, -1.3695328237582682, 0.2025467691484254
-0.18638790187744922, -1.335071736659628, 0.2043783152089781
-0.19834120086818105, -1.3014733202978181, 0.20523750594585555
-0.21004990290534264, -1.2688658219448716, 0.20517321279050893
-0.22144929533681934, -1.2373485808714926, 0.20453136666729876
-0.23276863178501797, -1.2068840089058863, 0.20321190148744095
-0.24409331597367126, -1.1774499890549217, 0.20130745960842023
-0.254995154943942, -1.1491073365028588, 0.19913634846714323
-0.2655043971022102, -1.121779322957071, 0.1965272814815736
-0.275793112664943, -1.0953761736035017, 0.19350973738395139
-0.2861383331623351, -1.0698128788985493, 0.19043497799553066
-0.29606786700150567, -1.0450738174393428, 0.18714770446398943
-0.3056165527907793, -1.021082360905115, 0.18370186123359955
-0.31495303518331613, -0.9977586178872966, 0.1803238894071103
-0.3243645716451628, -0.9749863324192574, 0.17684683993519956
-0.33341132922648187, -0.9527591680375198, 0.17337163379728815
-0.34212120664236034, -0.9310195110883033, 0.17007512455078078
-0.3506220696880678, -0.9096955684584103, 0.16700771725002217
-0.35927687865154084, -0.8886734018611921, 0.16385354049241452
-0.3676346935442418, -0.8679635201937081, 0.16086414972587426
-0.37570965205097406, -0.8475319330072204, 0.15835255365163559
-0.38354806123970403, -0.8273191357256238, 0.15616372963630465
-0.3915879906936996, -0.8072204312486262, 0.15390044261425917
-0.3994886231543353, -0.7872465332403218, 0.1518851547964657
-0.40753509092167445, -0.7653500256042909, 0.15103140584333308
-0.41596071262553413, -0.7401118569894978, 0.1519083970235361
-0.42469586568119244, -0.7121837006019183, 0.15472264814908865
-0.433904264289025, -0.6817541299274374, 0.15927451358953015
-0.4437420066406951, -0.6490190330293313, 0.16561311450422533
-0.45414759893107043, -0.6141929575422891, 0.17380748433784965
-0.4652718495023051, -0.5774604230841627, 0.18355082394344557
-0.47724280296413324, -0.5390280868815172, 0.19473719438076598
-0.490189726740949, -0.49911769401562367, 0.20726293722378963
-0.5043265658960923, -0.45796432750785243, 0.2210260866730981
-0.5197910216791068, -0.41583798516033443, 0.23603952821835916
-0.5366703919943527, -0.3730270202338275, 0.2520412122454698
-0.5551062442884706, -0.32985455730440183, 0.26892144434763876
-0.5752455888064024, -0.28667904406993916, 0.2865659674613422
-0.5972432900103584, -0.24389849154076515, 0.304860349215765
-0.6215570254579699, -0.2019214778264109, 0.3233750827167057
-0.6480870407775792, -0.16127637320695243, 0.34243951506653847
-0.6770069468366938, -0.12249621543086953, 0.3617167174168602
-0.7087842701284155, -0.0861399924142825, 0.3805728246315596
-0.7434147869328087, -0.052892493590194434, 0.39912794147319897
-0.7811895145243506, -0.02346650654046556, 0.4170698741203698
-0.8224350094145508, 0.0013522369545846402, 0.4341904107062713
-0.8673064575867846, 0.020685388454786846, 0.45046412257370994
-0.9161837618776054, 0.03362688410881631, 0.465069182804561
-0.9693004441943537, 0.03915831482158616, 0.47777658544370916
-1.0269489247771628, 0.036197828007608734, 0.4881587280720343
-1.0895727499820922, 0.02361781313193312, 0.49545468708694007
-1.1574157866862367, 1.7014477447041543E-4, 0.5000201577386558
-1.2308509145148374, -0.035344219872174065, 0.5004172446679005
-1.3102251911840725, -0.08415702288280436, 0.49581112144909634
-1.3957209167944058, -0.14747398233314435, 0.48554282777895674
-1.4875867654299693, -0.22635492794431755, 0.468452830518423
-1.586094759213971, -0.3216524311187232, 0.44376993717725677
-1.6909543493476762, -0.43386954395138577, 0.4101144711191296
-1.8018423407811743, -0.5629595219457535, 0.365884388224875
-1.9181800395296547, -0.7081205429947701, 0.3092525684739954
-2.038615395343072, -0.8676811712774555, 0.2396356722240378
-2.1618022298690027, -1.0387037408098223, 0.15571049549681015
-2.2851170202073274, -1.2170243718588303, 0.05706909524265602
-2.405835638635521, -1.3970573938255093, -0.05717820355294889
-2.520335273003376, -1.572321681391684, -0.18426572214553527
-2.6346198078775993, -1.75419743015628, -0.3366715140704253
-2.712823477878703, -1.8707156314038489, -0.4579899538262975
-2.778008106720283, -1.968188496509943, -0.574157680434965
-2.832245308423106, -2.049744671080541, -0.6848421552093081
-2.8774459180116776, -2.1180464202129423, -0.7904058206609128
-2.915306660514812, -2.175317001110252, -0.8919018297134895
-2.9473631332845973, -2.2233649028519666, -0.9906663591012306
-2.9746758941303373, -2.2635285346911447, -1.0893146268257812
-2.9978411928167845, -2.296526087837532, -1.1912574485517187
-3.0211571030723046, -2.3263303426245976, -1.3008036385091073
-3.043394345314124, -2.3504382142773235, -1.4237533853470485
-3.0579333248532947, -2.3610715177156543, -1.5625392822028377
-3.0624053661072974, -2.354739171703608, -1.712808811300622
-3.0555260853740807, -2.3299653705289005, -1.8695403830829875
-3.037062455851179, -2.2875119483041564, -2.028000029184219
-3.0078199557909517, -2.230244054368593, -2.1840655597371095
-2.969737916870051, -2.1627409577500076, -2.3336943119482196
-2.92558202090845, -2.0906608172813392, -2.473404176905855
-2.8786736582104018, -2.0200122047592135, -2.600328151879436
-2.8327073425053984, -1.9564251740309961, -2.7118619323105175
-2.7913395923075788, -1.9044227539754903, -2.80596168628726
-2.7575865361150482, -1.866750316911089, -2.881951690999367
-2.7340814604053527, -1.8440120301112968, -2.9389378533423303
-2.7226714586564844, -1.8343675397422912, -2.976346131282467
-2.698147429639965, -1.8225446729017483, -3.0389900257000004
-2.6805644455059845, -1.8127926477254102, -3.084841806994347
-2.6622984607259226, -1.8011667306808414, -3.128201904587536
-2.643380845942625, -1.7884117031773235, -3.170047216436192
-2.622686256450673, -1.7747699324936033, -3.2125140697932864
-2.601839173162037, -1.7606620327500968, -3.25323082124618
-2.580555710823961, -1.746170456040475, -3.292583787525237
-2.558303141947941, -1.7313032257790368, -3.331578674907594
-2.536242214124599, -1.716219372244617, -3.368954416028408
-2.512932670148166, -1.7007906837860123, -3.406710952705148
-2.4892462492130125, -1.6850856461140635, -3.4436603571170874
-2.466263069107193, -1.6691830205059022, -3.4784184963508005
-2.4417902582928384, -1.652872352059064, -3.5136295374949285
-2.4175977798493227, -1.6362683866166847, -3.5475521499946554
-2.3939652638069, -1.6193615352180917, -3.580205339421422
-2.3682448002822145, -1.6019084082515391, -3.6139839824797257
-2.343317274879333, -1.584082880824087, -3.646175221063179
-2.3194482151178923, -1.5658584861940374, -3.6762886375642925
-2.29382765208372, -1.5469953701591175, -3.7072780073055562
-2.2687727687048262, -1.5276010591090268, -3.7371506046821046
-2.244344085638006, -1.5076311020680846, -3.766041963124298
-2.219059851524383, -1.4869399183343939, -3.795156689602877
-2.193437095241505, -1.4655017771978232, -3.823969194066172
-2.169042848025962, -1.4433572783337842, -3.850843590294782
-2.1451654212585427, -1.4204045225699193, -3.8770359312065006
-2.1203028874342107, -1.3964940082382515, -3.9035689076880877
-2.095375899317207, -1.371611195937609, -3.9297319990180664
-2.070964728922183, -1.3457211515120182, -3.9552680911281257
-2.046900781980635, -1.318741620385583, -3.9803403817660645
-2.0230534757315106, -1.2905879467570358, -4.005056323196022
-1.9986583929521005, -1.2611368169971024, -4.029830795118276
-1.974189476352763, -1.230325140169474, -4.0539216860745375
-1.9498046956610575, -1.1980663432431875, -4.077782039902712
-1.9253110954439512, -1.1642487338243876, -4.101543384546933
-1.9005287975350331, -1.1287532264452036, -4.125305083364321
-1.877536907435184, -1.0927942349929838, -4.15211748204879
-1.8560436858902165, -1.056761502354111, -4.182312770915592
-1.83354287876142, -1.0198124833516529, -4.213066230160995
-1.8100087862831737, -0.9820390091195801, -4.244337411622471
-1.7854185069330737, -0.94353621428598, -4.276083920857185
-1.7597510518608697, -0.9044025066143533, -4.308262740353678
-1.7329874551993947, -0.8647395248579803, -4.340830325616693
-1.70511088389116, -0.824652033336112, -4.373742706271787
-1.6763124296970526, -0.7842586735823218, -4.4066115411672735
-1.6465506647816963, -0.743668278302799, -4.439480065457677
-1.615660221884876, -0.7029855949530797, -4.472534070490251
-1.583635250470776, -0.6623256767132402, -4.505727203073821
-1.550472695082247, -0.6218052753614938, -4.539013075046844
-1.516172301358204, -0.5815423799690835, -4.572345492907894
-1.4807366951760106, -0.5416557080991158, -4.605678600323152
-1.444171454461328, -0.5022641485363861, -4.638967027368366
-1.406485173090001, -0.4634861592270765, -4.672166046313823
-1.3676895161438214, -0.425439124741227, -4.705231733759258
-1.3277992655103228, -0.388238678280433, -4.738121138968508
-1.2868323544850528, -0.35199799404087173, -4.770792458279557
-1.2448099624985232, -0.31682706021514484, -4.803205144234271
-1.2021675745703053, -0.28285371651844304, -4.83467322947935
-1.1585995339338468, -0.2501616028793352, -4.865720437895604
-1.11408639699987, -0.21884415665530632, -4.896362183152322
-1.0686637763948088, -0.18899123315925603, -4.926562636163903
-1.0223703901182324, -0.16068580991454162, -4.956288100839335
-0.9752480324580592, -0.1340033169459689, -4.985507127055595
-0.9273414507885155, -0.10901101426737903, -5.014190683761522
-0.8786981872815817, -0.08576743293684608, -5.0423123263098795
-0.8293683828053731, -0.06432189293775625, -5.069848355147932
-0.7794046713864312, -0.04471411722383589, -5.0967778446133405
-0.7288613915470405, -0.026973915195005915, -5.12308323843532
-0.6779814908444106, -0.01113133701629021, -5.148444354749123
-0.6270074489250181, 0.0027942500469597675, -5.1726407276412685
-0.5756569161896157, 0.01482147566426395, -5.196139834617915
-0.5239905829929832, 0.024960551397704478, -5.218934726566132
-0.47206976586199023, 0.03323120094043297, -5.241021202169392
-0.4199555816528827, 0.039662228657199705, -5.262398124309027
-0.36770847491517966, 0.04429095325173904, -5.283067334619471
-0.3153879238809543, 0.047162527241338736, -5.303033379316434
-0.26305126954821945, 0.04832921183122707, -5.3223039573437285
-0.21075431646074183, 0.047849488346126456, -5.340888838041801
-0.15855022897927884, 0.04578720509226475, -5.358800233580876
-0.10659841511758517, 0.042204186913815, -5.375861423538655
-0.05532409998712862, 0.03715077686865165, -5.391595344461464
-0.004310085881778836, 0.03072729889546455, -5.406666980235794
0.04640307506842134, 0.023009694854340346, -5.4210935966792
0.09677831878127285, 0.014074696590750335, -5.434892986201425
0.14678253029772448, 0.003999044270345031, -5.448083493643179
0.19638653293310615, -0.007141248595678995, -5.46068366845396
0.24556506862330618, -0.019271512640968602, -5.472706020078032
0.2940570105433704, -0.03222894130218279, -5.484216941206692
0.3416009667415374, -0.045832361361705765, -5.495311617282885
0.38817880361220414, -0.059985973873397214, -5.50602718612541
0.43377948081942175, -0.07460108469718563, -5.516398493421144
0.4780872658853771, -0.0896159273001853, -5.525951189903521
0.5211282666306464, -0.10495474644905833, -5.534831074158783
0.5631759140816817, -0.12053453635128442, -5.54342436775446
0.6042415976429938, -0.13629548317759888, -5.551754560270021
0.6443404938428112, -0.15218450625024538, -5.55984193303941
0.6834929842568392, -0.16815478618772772, -5.567705241380199
0.7217986224915262, -0.18416177774208187, -5.57529857300694
0.759270614098447, -0.20017105168139082, -5.582575711880876
0.7958661269011351, -0.2161554334655733, -5.589649466399716
0.8316116195887138, -0.2320895414967854, -5.596526051090256
0.8665347164813193, -0.24795226144059335, -5.603209089573407
0.9006602487141092, -0.26372656847164677, -5.60969668902036
0.9340241521369191, -0.27939825940123164, -5.615993301224674
0.9663839723342592, -0.2949755378996439, -5.621631041299194
0.9977908358452333, -0.3104488826279974, -5.6267262326601655
1.0285158814272313, -0.32579683917668145, -5.631599121559079
1.0586800200910442, -0.34101145973097324, -5.636141395963452
1.0882698323551523, -0.3560938530773736, -5.640307596932799
1.1172605693452706, -0.3710466466535216, -5.644215431724923
1.1456803317920272, -0.3858717553653612, -5.64785159984955
1.1735567128020972, -0.4005724177622296, -5.651201249121239
1.2009144406885301, -0.41515319217848834, -5.654246197337471
1.2277867461817586, -0.4296190464680594, -5.656974144369373
1.2541925816594168, -0.44397677357265053, -5.659360502015614
1.2801593804875955, -0.4582333481638008, -5.661386719159931
1.3057067126822584, -0.47239695232456036, -5.663027212596176
1.3308725185721877, -0.4864750742087889, -5.664270660463984
1.3557308477415213, -0.5004739615827862, -5.6650066462093775
1.380271484745951, -0.5144051175481898, -5.665190464276624
1.4044868604956642, -0.5282797829299613, -5.664910200576382
1.4283891647070772, -0.5421091513305312, -5.664132726730522
1.4520016842206744, -0.5559040283456609, -5.662833472977059
1.475077927266099, -0.5696974244133717, -5.660472034513533
1.497939025135017, -0.5834770393692104, -5.657623704969749
1.52059024038244, -0.5972565066180238, -5.654192661692997
1.5430586083523194, -0.6110479423980966, -5.650156441601295
1.5653664950451933, -0.624864267416477, -5.645488148222428
1.5875364141203205, -0.6387188855503947, -5.640160455179917
1.6095911365253213, -0.6526257230099173, -5.634145641029791
1.631553802336558, -0.6665992770387916, -5.627415611775472
1.653445414077137, -0.6806548872433398, -5.619939632759889
1.6752954708588392, -0.6948079554086606, -5.6116933979381605
1.6971263557806349, -0.7090752944644159, -5.602645508904885
1.7189622846004182, -0.7234745224422863, -5.59276459121101
1.7408336327219804, -0.7380238019439922, -5.582024307561955
1.7639373893567678, -0.7532650634409928, -5.572572377538805
1.8177026347876062, -0.7876994848445582, -5.664004755662667
1.771144369495744, -0.8253800295624139, -5.2917168595862
1.7223264112580836, -0.8598288903956703, -4.897599478333481
1.6714207322754568, -0.8904440050146825, -4.482858447229515
1.6185950389357169, -0.9166459349006288, -4.048739291466637
1.5640323650902381, -0.9378780416920529, -3.5965355309759612
1.5079274289030877, -0.953608037886724, -3.127585746351154
1.45047645064567, -0.9633296314812885, -2.6432630775405928
1.3918897310010274, -0.9665632449282349, -2.144982840425372
1.3323768617853045, -0.9628576329238419, -1.6341819553938461
1.2721651362584496, -0.951791541586001, -1.112353440613158
1.211474221055138, -0.9329751099978676, -0.5809924848933736
1.1505213083581354, -0.9060513213641412, -0.04160597898665941
1.0895290700426283, -0.8706987253614624, 0.504269233225068
1.0287172558016615, -0.8266337491072413, 1.0550947124191712
0.9682978300668372, -0.7736132445000692, 1.6093251892181608
0.9084763485908769, -0.71143789643562, 2.165416851333088
0.8494460912504573, -0.6399549384456851, 2.72184081371228
0.7915806357291912, -0.5590153882261673, 3.2754612390651507
0.7348550727098018, -0.4685646091712199, 3.8266884390252316
0.6795280472939855, -0.36861331519127827, 4.373556697696664
0.6257607557719074, -0.25922785222014966, 4.91458568265263
0.5736918838816045, -0.14054366387850337, 5.4483431144996395
0.523443710731692, -0.012772882789349183, 5.973414591831284
0.475118972768227, 0.12378529698923657, 6.488413182840659
0.428797915781848, 0.26874727140745946, 6.99199028145877
0.3845460735149615, 0.4216249399375265, 7.482794131005345
0.3424002036580731, 0.5818285180248619, 7.959530589618979
0.30231465500174926, 0.7487346089049502, 8.42129974587763
0.26425725857412496, 0.9216185966527917, 8.86714134413985
0.22830281936126173, 1.0994057348358197, 9.295199930992212
0.19439757496025134, 1.2810147913104455, 9.704238249298513
0.162462560005308, 1.4652338600398203, 10.093035700847567
0.13239390389268424, 1.6506992417743778, 10.460343069759606
0.10405744991885646, 1.8358990929104522, 10.80490166835871
0.07728369255652767, 2.019184478186988, 11.125473581497541
0.0518777850111225, 2.198750042509287, 11.420746941567867
0.027553438381468176, 2.3728673982953143, 11.690059581754207
0.004060331227303315, 2.5396546269327818, 11.932420543600045
-0.018822336183413668, 2.696680038187635, 12.14561222186563
-0.041407233587427594, 2.8417613646379163, 12.328340738788837
-0.06400804423482853, 2.9727484227819314, 12.479399669124158
-0.086938739990154, 3.087567811922126, 12.59771946833522
-0.1104686164001274, 3.1843250976385526, 12.682397787738907
-0.13481586577666071, 3.2614085248373463, 12.73286550510905
-0.16012281757900082, 3.3174617187749256, 12.748700325803348
-0.18641403218895203, 3.3515709882421216, 12.729879289978122
-0.21359389368980697, 3.363181402107367, 12.676555757458875
-0.24143681508306303, 3.3521231091289767, 12.589069088302237
-0.270084436094447, 3.3220352709531653, 12.462272497918482
-0.29917922554152687, 3.281643286837392, 12.308107628993712
-0.328166029403552, 3.23631288361892, 12.144575481762677
-0.35681556267295456, 3.1863799969905955, 11.972143877992638
-0.3830696260318813, 3.133883653238737, 11.790388994562178
-0.40707370982605706, 3.0778634294976044, 11.598168923724396
-0.4301785455529523, 3.0178479714585524, 11.398287080800365
-0.45220739611413485, 2.954144224468969, 11.191266560623191
-0.47297861726827595, 2.8870272222339715, 10.977542032082638
-0.49231067623227576, 2.8167716383902732, 10.75754415553149
-0.5100246507318831, 2.7436176564869896, 10.531632729225645
-0.5259372271542859, 2.667802667222933, 10.300152731927248
-0.5398507030923771, 2.5898026801176766, 10.06393771297192
-0.5478579622158715, 2.5105221795931154, 9.817335251465177
-0.5537719999303987, 2.428746836218325, 9.565965913628107
-0.5574494522622926, 2.3446525021259337, 9.310104266711583
-0.558742639586622, 2.2584052771450054, 9.049999675178888
-0.5575103779330903, 2.170151288083991, 8.785877326496587
-0.5536087932808993, 2.0800199011052083, 8.517929951028464
-0.5454281243489882, 1.9884090939409411, 8.244475749076559
-0.5325640642450882, 1.8948721653182368, 7.964303470784307
-0.516993728225819, 1.7994105622833718, 7.6809687161935
-0.49860888161090955, 1.7021144802150179, 7.394630317217635
-0.4773143701166216, 1.6030538329516641, 7.105434524912317
-0.4530184155236767, 1.5022780113037513, 6.813499353403422
-0.4237856037588934, 1.3996145318239748, 6.515934176513625
-0.3907887834536541, 1.294840102691163, 6.214249573519497
-0.35493706879309483, 1.1882324549377756, 5.910452215158077
-0.3161744902046515, 1.0798221946020767, 5.60465938823068
-0.27445486871831726, 0.9695958444188797, 5.296917253799129
-0.22913961147060724, 0.8573595856483536, 4.986213722465363
-0.1795769275079544, 0.7425470049209224, 4.670848548361339
-0.12733689052933816, 0.6257819572306218, 4.3541207588899855
-0.07241919815646214, 0.5070436006904728, 4.036094755787071
-0.01483826329117699, 0.3863033569650174, 3.7168372498019533
0.04546982193294502, 0.26348457342040454, 3.396241375064685
0.10956027936929313, 0.1376268412819286, 3.071455501982121
0.1759286372763158, 0.009643763108739378, 2.7459588007705547
0.24452453260895268, -0.12050389342847012, 2.4197950485145285
0.3152838631210464, -0.2528615876927862, 2.0930033472071674
0.38813016743254947, -0.3874803077575528, 1.765615965958803
0.4635612901830517, -0.52505120765999, 1.4359006632656819
0.5407704126237667, -0.6649575964995806, 1.1058320233084618
0.6195648698741703, -0.807157157928085, 0.7756771949578023
0.6998300877077752, -0.9516768402552254, 0.4454864601655688
0.7814447057940261, -1.0985456284237918, 0.11529737109498739
0.864396722461084, -1.2479864765052326, -0.21533192422003467
0.9486028064283127, -1.4001445269399175, -0.5466508580155891
1.0336435311454442, -1.5545930339093044, -0.8775540471105296
1.1193785221702695, -1.7113245378809765, -1.2079898901811246
1.2056694700163004, -1.870330919527592, -1.5379238939983573
1.2923733007170282, -2.0315953897868138, -1.8673192176148408
1.3792823486642272, -2.195094142773751, -2.1961173227341626
1.466049208322298, -2.3606681592821435, -2.5239578195035066
1.5526669575967245, -2.528247004991834, -2.8508196579394203
1.6389842581690488, -2.6977701171611255, -3.176658626182512
1.7248504535617535, -2.869156840689441, -3.501409851129899
1.8101209101990756, -3.0423241305441344, -3.8250264153226015
1.8946464787070207, -3.217168567607618, -4.1474389059917165
1.9782818413377368, -3.3935513628474254, -4.468526269389091
2.0608790936601835, -3.571280107068211, -4.788079646456561
2.142314103358607, -3.7502551979825904, -5.106108623487164
2.2224592465194597, -3.930334407895173, -5.422551402556037
2.3011908575222555, -4.111363419381694, -5.737342487033276
2.3778748671902146, -4.292889427677349, -6.049766565986086
2.4526798462747887, -4.474968294323998, -6.360296443329523
2.5256412202580387, -4.657453903216814, -6.66896798230187
2.596658549388855, -4.840146860380389, -6.975710678076945
2.665628975971737, -5.022839828936473, -7.280457308971064
2.7324740237265694, -5.205233401788004, -7.582960695222423
2.797085742094157, -5.387036835154148, -7.8830125985627735
2.8594027221543223, -5.56817719314511, -8.180893081020482
2.9193500608090424, -5.748420402283633, -8.476553089007474
2.976859066314798, -5.927525033269721, -8.769945620725935
3.031867358740224, -6.1052428219106964, -9.0610261156077
3.0843211503301573, -6.2813172910131945, -9.349748126514006
3.1341639441529, -6.455490946620596, -9.636080676252456
3.181361203441729, -6.627497812446409, -9.91998583906986
3.2258745422450654, -6.797066334378499, -10.201429215234729
3.267676294646434, -6.9639240248494865, -10.48038632673315
3.3067455829886057, -7.127786230091444, -10.75681663342001
3.3430711372775956, -7.288372683039365, -11.03069888866977
3.376650258364719, -7.445397233821626, -11.302006448757938
3.4074871533058504, -7.598569293431654, -11.570709288574491
3.435604620426095, -7.747600023952439, -11.836781992350772
3.4610244481373327, -7.892198146834199, -12.100199364673458
3.4837971718889884, -8.032057091109394, -12.360890479207821
3.503968445802753, -8.166891451935353, -12.618837494465538
3.521608194839939, -8.296393466892074, -12.873954862317484
3.536800589019372, -8.420271672416085, -13.126183531160407
3.5496426881639067, -8.53822520364458, -13.375424870624911
3.5602491696331486, -8.649956466234377, -13.621564725394446
3.5687484816580994, -8.755172315124685, -13.864473959920499
3.575296591941281, -8.85357412044377, -14.103968875022277
3.5800582903362157, -8.944875354290549, -14.33986185695399
3.583219601740267, -9.028792171059862, -14.571923577841853
3.584978354161531, -9.105047424417364, -14.799893253893805
3.5855684467615823, -9.173374273336833, -15.02346438661986
3.585209913829775, -9.233480572328615, -15.242210533016419
3.584125663057975, -9.285143416995046, -15.455834835072814
3.581515553686132, -9.32642920331302, -15.660524591489777
3.57766281799823, -9.35838615869817, -15.859239837306857
3.5721580809788285, -9.383613217273846, -16.059468160287484
3.565508356546474, -9.40180741959933, -16.260230295382925
3.5591269966403156, -9.413233149508438, -16.461332547721213
3.5531699886179995, -9.417771108128935, -16.662488035688238
3.5477978508092947, -9.415308861270548, -16.863376466675973
3.543159594163684, -9.405760051376115, -17.063721849361333
3.5394012723235058, -9.389050468216489, -17.263239760332006
3.5366501202779843, -9.365129317910306, -17.461695392620147
3.5349025718034306, -9.333933094220859, -17.658895268562553
3.5344211078835768, -9.295405699059394, -17.85430586648192
3.53530509647847, -9.249536633812749, -18.047695412084824
3.5376255944610806, -9.196329047610734, -18.238874220684437
3.5414300876749234, -9.135806595639846, -18.42772552319253
3.5467237795988615, -9.067993270626257, -18.61416366321897
3.5517276704988165, -8.992464358161378, -18.799045423705884
3.5570466750980465, -8.909218678563121, -18.981302168293254
3.5644597511633824, -8.818820139556726, -19.160108826992683
3.5735556749635835, -8.721288471086362, -19.3358725776552
3.5841925963710275, -8.616678002597775, -19.508718324998995
3.5962099231161737, -8.5050377564028, -19.6787869891174
3.6094522932858966, -8.386417869694487, -19.846219264398236
3.6237381855895174, -8.260858504107308, -20.011160940533234
3.638963513987162, -8.12837905403656, -20.173451931004827
3.655869018604849, -7.989079185041294, -20.331179481068897
3.6735697410906325, -7.8430244460407055, -20.486106925499463
3.6918975539751036, -7.69027810655299, -20.63833673743081
3.710695912917914, -7.53090795192343, -20.7879361660884
3.729822318080183, -7.36498921566798, -20.934934061794902
3.749153835236017, -7.192608378467197, -21.07931299732047
3.768587273511553, -7.01386605228618, -21.221009965835094
3.788708128798251, -6.828947615948801, -21.35793583141883
3.8094329269618887, -6.6381052672344305, -21.490573433880368
3.8301672237784175, -6.441407309782421, -21.619943441578116
3.850852782846956, -6.239035769307198, -21.745923187865323
3.871468376898146, -6.031201555737355, -21.86832835446892
3.8919951678109648, -5.818136416887484, -21.98697776552487
3.912433109724746, -5.600097832145358, -22.10165837336522
3.932814165437268, -5.377377882862211, -22.21214463663159
3.9531690245230164, -5.150287729077662, -22.31820186624938
3.9735432129692883, -4.919165386580781, -22.41959313908185
3.994004996907593, -4.6843795015343455, -22.516091170746833
4.014912791374897, -4.4464223787814205, -22.60648292968339
4.036364549531052, -4.205757012001331, -22.691169558576117
4.058046765907017, -3.9626354574924756, -22.770598338531308
4.080034786811597, -3.7174844358610146, -22.844624626414213
4.101241271945061, -3.4701429677949047, -22.912526572783516
4.122329899107166, -3.22135727430386, -22.974812141521337
4.143909077931248, -2.9718410668117086, -23.03131446068962
4.166062248460522, -2.7220432457185444, -23.081982911468607
4.188876194933874, -2.4724104935814024, -23.126800485566744
4.212418357141074, -2.223372645628827, -23.165765763659493
4.236765939623426, -1.9753540452318292, -23.198919459523736
4.261983660591097, -1.7287594475423846, -23.226324613536114
4.288127879184022, -1.483973429110197, -23.24806957015943
4.31524309536206, -1.2413563972853865, -23.26426372923079
4.344052383986511, -1.0016838675154993, -23.27400025635894
4.374038907842298, -0.7649598335706855, -23.27797602223127
4.4051766698789665, -0.5314196888008844, -23.276754870086545
4.437456376305435, -0.30130831649068845, -23.270536055736436
4.470864399233905, -0.07484499079440621, -23.259522732721344
4.505381470427013, 0.14777688361217134, -23.243920301706115
4.540952798600937, 0.36640612622535507, -23.223944667399966
4.577549371789424, 0.5808974225676504, -23.199796948615003
4.615108068336301, 0.7911442985515631, -23.17168354830111
4.653562905264598, 0.9970595269766207, -23.139802758171115
4.6928399892699035, 1.1985762266195348, -23.104345232362988
4.732858605925898, 1.3956453352805926, -23.06549253680462
4.774012012299812, 1.5877268868006142, -23.02186774193381
4.81606109494378, 1.7749165659368273, -22.974033653180097
4.858728837648464, 1.9575072536273357, -22.923432386785894
4.901912547470881, 2.1355076259411474, -22.870220582597902
4.945523007439677, 2.308922308200648, -22.814530662718553
4.989455681867535, 2.477769420138676, -22.756493695120884
5.033610049665804, 2.6420662282126415, -22.696224473488137
5.077895623102566, 2.801825891525324, -22.633827799591252
5.122193662702325, 2.957074446743942, -22.569391389401474
5.166415199588192, 3.1078223177562965, -22.502997833581404
5.211683182566407, 3.253238693598493, -22.43370152058964
5.257230884393383, 3.3937438177973345, -22.36190791361124
5.30238947672571, 3.5298118826194695, -22.288466440379562
5.347059814905625, 3.661450384420098, -22.213424377465003
5.3911427991370395, 3.788659595724843, -22.136808255068892
5.434264003703449, 3.911557666084346, -22.058593375061314
5.475829568884241, 4.030197282898875, -21.97811559370615
5.516436252420074, 4.144384406745373, -21.896037230864938
5.5559944758688316, 4.254097664028569, -21.812366473086303
5.59444398728273, 4.35930332409538, -21.727124327347006
5.63167842146216, 4.4599787533863715, -21.640298207547517
5.667619277055819, 4.556089893908833, -21.551887945343786
5.702180970688618, 4.647601422868178, -21.461881000029706
5.736063914408409, 4.734051447316941, -21.36998998223646
5.76875238567472, 4.815562278198638, -21.276060960773698
5.7996877731685474, 4.892439043439905, -21.180552707805123
5.828765001223831, 4.964643440208954, -21.08342109508268
5.855874657646187, 5.032136742837237, -20.984615018239882
5.8809031897170865, 5.094879927433943, -20.884076289260783
5.903728239313285, 5.152834212131066, -20.781734167374584
5.922472780588068, 5.206295926767848, -20.676266049501752
5.939334059767067, 5.257135474248992, -20.571114933211266
5.954307021958421, 5.306316437658353, -20.463858878501465
5.965531194965701, 5.352741995791072, -20.34886362048489
5.972994810129184, 5.396364632266614, -20.226176817239114
5.976629867756522, 5.437155110185277, -20.095838562713816
5.976433711081368, 5.475068133326854, -19.95791951172278
5.97233854293678, 5.510064535832392, -19.8124351018226
5.962824163544498, 5.542273561668447, -19.658339817827375
5.94769667900207, 5.5715551086214505, -19.49534359935713
5.928799559659096, 5.597695490750469, -19.325078429391148
5.906152466354591, 5.620642942407484, -19.147614513532584
5.879738777813147, 5.640349044536205, -18.96299440449011
5.849537387247058, 5.656776031327516, -18.771292193270263
5.814494790108432, 5.669942350439924, -18.57182317493509
5.774082247111979, 5.679353759244831, -18.36291211152154
5.731332330206671, 5.684932685928897, -18.147260428710254
5.685297300957792, 5.686953932636038, -17.925036801786007
5.6359691887633865, 5.685386572199199, -17.696310087439155
5.583356230935718, 5.680198975877413, -17.461162179168376
5.524558704630347, 5.671255458629576, -17.217324624558305
5.462461543235697, 5.658522423701683, -16.9671045859378
5.397555614114733, 5.6420261415494934, -16.711076214555803
5.329847682847731, 5.621749802732877, -16.44932866574627
5.259358549895184, 5.597676793259547, -16.181962949481473
5.1835272036205575, 5.569562529000963, -15.907043711022826
5.104780734267241, 5.537510748960952, -15.626498664168544
5.0258943826826545, 5.500998892369712, -15.340228243640519
4.945702282605495, 5.460515534806258, -15.04907986425252
4.863376828413587, 5.4162255627307605, -14.753228801326438
4.776629782059362, 5.367745214870327, -14.45084434419791
4.687894689650354, 5.315401396238402, -14.144017501186417
4.597568007034756, 5.2592951683113744, -13.83325486895413
4.505669455248153, 5.199445648818312, -13.518680331724008
4.412251275527387, 5.1358766107052665, -13.20044255995479
4.3155940287768235, 5.068007409415478, -12.876631569709202
4.22040485953819, 4.996086034252674, -12.548974370995893
4.124205045660009, 4.920638888838243, -12.218444689447857
4.0270286697279, 4.841704061775505, -11.885190588718185
3.9289231787226964, 4.759323587569124, -11.549373910997524
3.8284957136110465, 4.67311595362457, -11.209929575809046
3.727244864752595, 4.583502917564082, -10.868226156934679
3.6255543030220863, 4.490657323807144, -10.524774058138476
3.524603380511042, 4.394459906180549, -10.179191818778287
3.4247653518663608, 4.295094058288535, -9.831864718287797
3.324025071245037, 4.192533784169872, -9.482838976812571
3.222480302062884, 4.086817418349578, -9.132277885840564
3.1209820535835515, 3.978331396253436, -8.78114107907048
3.019573571209759, 3.8671493401650148, -8.429600693157932
2.9183123437055123, 3.7533525245138604, -8.077842948932046
2.8172604067933316, 3.63702562985704, -7.726056442597816
2.717175225957072, 3.51686196387796, -7.371029287307474
2.616814799308723, 3.3932767653064397, -7.014226194045283
2.5177042972508414, 3.267508170509677, -6.657980012551382
2.4198746954820227, 3.139739684584163, -6.302542203608853
2.323374912274752, 3.0101616912839013, -5.948176260015124
2.2282331958993584, 2.878954791782081, -5.595127468451395
2.1344082456571476, 2.746263624308087, -5.24357994296953
2.0429176710992842, 2.6121902503900873, -4.893131713470595
1.9534583529293963, 2.477214550826634, -4.544885714096311
1.8655748999394413, 2.3414668966955388, -4.1991588163650215
1.779308800459138, 2.205128880192661, -3.856181445292794
1.6947093959471227, 2.068386471830718, -3.5161894034713153
1.611797639370638, 1.931408472492799, -3.1793902140339334
1.5306425266427008, 1.794392484645762, -2.846035927743328
1.4518541475099718, 1.6575835025010246, -2.516157039921973
1.3753445132771245, 1.5212263501891758, -2.190179652314174
1.300640464969985, 1.3854173963749492, -1.868433659446852
1.2277735814705601, 1.2503207911430207, -1.5511189562722079
1.1567510643667471, 1.1160886422244234, -1.2384286637594455
1.0875999950699609, 0.9828770852593527, -0.9305602671952251
1.020455319509427, 0.8509160515859095, -0.6278169152076112
0.9554777321308463, 0.7204734214459672, -0.3305722029773671
0.8927101011295242, 0.5915535131083463, -0.038662481997790765
0.831820321983084, 0.4642483231569461, 0.24754955764843445
0.7727262262525723, 0.3386368100346173, 0.5278906387540204
0.7154039640817424, 0.21480877291980072, 0.802182201863172
0.659828598685942, 0.09284452408367283, 1.0702414714125594
0.6059427320596433, -0.02720374182176677, 1.3318955414359046
0.5540879532865759, -0.1449806340723505, 1.5865887858185614
0.5040575301045562, -0.2605462896292492, 1.8342352682775158
0.4555373539264269, -0.3740984419471447, 2.0749200664763126
0.40843441660958435, -0.4856579675222852, 2.308470290007298
0.36264388474142617, -0.5952675122486832, 2.53471450021861
0.31798285033923346, -0.703003606118112, 2.7534469851137073
0.27433957343545146, -0.8089670152832023, 2.9645464028382404
0.23161823278290994, -0.9132473797829688, 3.1678491303422898
0.18992380133885023, -1.01576432797809, 3.362981110761438
0.149385910481179, -1.1163724506069759, 3.5494388237330794
0.10927861091981805, -1.2157601897707027, 3.7277164066094186
0.06943754268098168, -1.314106946191786, 3.897696176483415
0.029682629135197036, -1.4116109447056822, 4.059281568545661
-0.010172697993154678, -1.50847961250191, 4.212393106285592
-0.0503174169520868, -1.6049234091241082, 4.356967938756057
-0.09095673795590775, -1.7011850909279316, 4.493019431691218
-0.13265250963138886, -1.7975894081437147, 4.620389764456636
-0.17509560600041274, -1.8940342842330775, 4.738947838758201
-0.21815146559122622, -1.9903483193838927, 4.848286645156577
-0.2626478373362704, -2.087337431361606, 4.9491691702846685
-0.30876838000910123, -2.1851541252987543, 5.041669296353716
-0.3566854136372508, -2.2839223451584907, 5.125881016918427
-0.40687424748167667, -2.3824915802228137, 5.200637739455118
-0.460619716390934, -2.4777845807521857, 5.259602243178293
-0.5188807264161346, -2.5682099044015265, 5.29847074867582
-0.58193935512281, -2.654190167666029, 5.318377761262311
-0.6499449089222074, -2.7360809502233856, 5.3204927853253245
-0.7247502272036783, -2.814902178107057, 5.305633115808617
-0.8045338376751814, -2.8898160525628196, 5.274586415621747
-0.8897200191686165, -2.9613968584582055, 5.228856655664274
-0.9801836515520357, -3.0296664439141945, 5.169348726293279
-1.0757488932998776, -3.0946003336056482, 5.096937360115225
-1.1761548216350173, -3.156101848128345, 5.012427137230919
-1.281083834792867, -3.214035561481674, 4.916580067656734
-1.3905578272233958, -3.2685000002222178, 4.810348188128866
-1.5064338499111023, -3.320430677328281, 4.6948460311208935
-1.625485908549058, -3.3681420236685353, 4.570092713921757
-1.7471623798074625, -3.411410559099564, 4.4366761702449615
-1.8705850544732137, -3.449803708276638, 4.2948524057996345
-1.9953122918798614, -3.4832788479270924, 4.145329769513546
-2.1208027464638333, -3.51176789988392, 3.9887614579991246
-2.2462740160761694, -3.535070013556794, 3.8255447974873227
-2.370940991606534, -3.5530396606608834, 3.6560696430950412
-2.49402546986882, -3.5655922448557726, 3.480725363089102
-2.615379894213619, -3.573022944797107, 3.3003234489032742
-2.7360372633775842, -3.5760120419487444, 3.1157822662496164
-2.8522704953840594, -3.57334277596532, 2.9262849460131872
-2.963229247813473, -3.5651362906012443, 2.7321126544485437
-3.06808280325296, -3.5515792337875167, 2.533540675822941
-3.1660729842342823, -3.53294465853576, 2.3308839526370204
-3.2566346071432926, -3.509644977514526, 2.1246493425739814
-3.338932675115121, -3.481981432515499, 1.9149640424913548
-3.4123191016231464, -3.4503865867673404, 1.7021192706417994
-3.4762277485063344, -3.4153519141607838, 1.4864287683840396
-3.5301865926289273, -3.3774215258202203, 1.2682353121245895
-3.5738292774066345, -3.3371843294340326, 1.0479174720306195
-3.606905468297981, -3.295264578279692, 0.8258962627530622
-3.6292896478668504, -3.2523109280652767, 0.6026414865927467
-3.6415513472263616, -3.2091168312971723, 0.37907826533296074
-3.64265225201167, -3.1660558285070888, 0.15497030858823457
-3.6325641177718206, -3.1237526394517428, -0.06920833675157612
-3.6118070518746723, -3.082886287043018, -0.292703781871112
-3.5810358496328787, -3.0440842365716456, -0.5146905892282119
-3.541035629186073, -3.0079088919295485, -0.7342711514759377
-3.4927148665045467, -2.974845021699913, -0.9504765765842614
-3.4370990768319865, -2.9452889085115572, -1.1622667087330587
-3.37571193730212, -2.919580402141878, -1.3680946261713425
-3.3096303040055064, -2.8978777593169154, -1.5669004469028587
-3.239908011433531, -2.8802306507521447, -1.7577722152485789
-3.1675187276519345, -2.8665919789362455, -1.9399343212743472
-3.0870667513015775, -2.856668891682731, -2.1169098363861822
-2.9538282797071256, -2.8806514805747643, -2.2012358654487225
-2.914990054767606, -2.889141539420925, -2.182586480230949
-2.875904031555651, -2.8949199448967544, -2.1616573858091757
-2.8380728361774574, -2.899580324878631, -2.139770568072288
-2.8011048255990456, -2.9030898981093323, -2.117221019323481
-2.7647266126321624, -2.905415281730683, -2.094218181333982
-2.7287373611286343, -2.906521946081659, -2.0709201567317095
-2.6929838121301577, -2.906374047722153, -2.047452371153592
-2.6573455885095605, -2.90493447213424, -2.0239185402941207
-2.6217345872102245, -2.90216522567113, -2.0003979911164027
-2.586054454520236, -2.8980268369036892, -1.9769884775941493
-2.5502567401544103, -2.892480225832216, -1.9537423394123767
-2.514270461913513, -2.8854854154476284, -1.9307442100474312
-2.4788637136065566, -2.87702365654689, -1.907040639868531
-2.4436301130131577, -2.867046447093406, -1.883090369529839
-2.408035522966781, -2.8555044983601032, -1.8596152328160405
-2.3720530218144256, -2.8423634462813565, -1.8366739502132854
-2.3356608847943976, -2.8275917992843027, -1.8143243656978902
-2.2988416259090374, -2.811161637583928, -1.7926244666586484
-2.261581501743831, -2.7930493494073225, -1.7716329239653914
-2.2238701519536193, -2.7732363868142604, -1.7514095097014324
-2.1857003621376947, -2.751710029964606, -1.7320153956264606
-2.147067941657234, -2.72846414728418, -1.713513326716716
-2.1079627438323527, -2.7034999119006544, -1.69599827790835
-2.069770066321527, -2.6768610990744266, -1.6775554323688944
-2.031016152958967, -2.6485273020754, -1.6603086647511014
-1.9917150471662528, -2.6185260558035175, -1.6443207636785282
-1.9518851695745214, -2.586894706915139, -1.6296540705749147
-1.9115485295551888, -2.553680800503331, -1.616371290425031
-1.8707313205535774, -2.5189423909995092, -1.6045343744496416
-1.8294644915280354, -2.4827482283924684, -1.5942032729171223
-1.7877842438076954, -2.4451778090666334, -1.5854346126694487
-1.7457324045741474, -2.4063212835905636, -1.5782803635776226
-1.7033566360936097, -2.3662792174130898, -1.5727865610369496
-1.661640166899824, -2.32518716335575, -1.5675385222519627
-1.619868224898358, -2.2831432885614866, -1.5637194095777986
-1.5778361962918108, -2.2402698095239053, -1.561786242555542
-1.5356229123767324, -2.196704114335599, -1.5617415872369242
-1.493310780324393, -2.152590725236516, -1.5635785850852195
-1.450984967842062, -2.108080330838293, -1.5672807904029047
-1.4087326430905938, -2.063328761832011, -1.572821997617454
-1.3666421845275063, -2.0184959318838427, -1.5801662194761623
-1.3248024081866632, -1.9737447704869338, -1.5892677626687561
-1.2833018488787507, -1.929240174858636, -1.6000713535368245
-1.2422281208856871, -1.8851480076066967, -1.6125122745114941
-1.2020328452360212, -1.8416449261078043, -1.6258477516225576
-1.162880804086276, -1.798897030846014, -1.6398056586239216
-1.12432879578352, -1.7570535660642976, -1.655254261207022
-1.0864655247388046, -1.716276347141057, -1.6720797485038839
-1.048307926392786, -1.6766803582079088, -1.6922219836844676
-1.0109654071714984, -1.638466465411443, -1.7136651962602176
-0.9738282134669403, -1.6002152603667223, -1.7350839609875415
-0.9364982367225154, -1.5609482415790783, -1.7565348161223113
-0.8992397763514376, -1.5210837464965277, -1.7791986768979533
-0.8621849020920511, -1.4805314246104775, -1.8029304791547522
-0.8254230593045415, -1.4392005447611007, -1.8276721042931894
-0.7890668299757375, -1.397002865612186, -1.853315747869136
-0.753935515598603, -1.3538743393863744, -1.8781695901650544
-0.7193628055522694, -1.309708696816383, -1.9038018224360513
-0.6853556334403399, -1.2644268014244364, -1.9303493819216744
-0.651963672497263, -1.2179576159225984, -1.9578759499750278
-0.6180449846307148, -1.170172633967871, -1.9897210873142543
-0.5848412287901426, -1.1210893363477483, -2.022986340378136
-0.5526613100986546, -1.070685917062426, -2.057121844712197
-0.5218309788285884, -1.0189588252913282, -2.0915173117811685
-0.49249686964629025, -0.9659207218202663, -2.12601213282837
-0.4642864213224222, -0.9115968626270154, -2.16187987439071
-0.43728724447958567, -0.8560601831055523, -2.1992543004625045
-0.4116031622892718, -0.7994220927124989, -2.2382561076462517
-0.3873534385809544, -0.7418370942860406, -2.2789892112354893
-0.36467201474886596, -0.6835068271050062, -2.3215347255158107
-0.3439028310076897, -0.6246789459412696, -2.3655626568759778
-0.32510243892214097, -0.5656705869267427, -2.4109700729419297
-0.308329768838743, -0.506830616273735, -2.4580913461588567
-0.29373197346439933, -0.4485606391963861, -2.506922011672276
-0.2814557349124318, -0.39130431881786887, -2.5574215216858045
-0.2716401747130163, -0.33553830542251273, -2.6095221207164974
-0.2643332918232025, -0.2817481357510596, -2.663776659303179
-0.25990100747247985, -0.230452397516272, -2.7188944981546186
-0.2582951118479724, -0.18214279488758844, -2.7752070115425482
-0.2595352453306489, -0.1372861488655257, -2.832746744122124
-0.2636732018284589, -0.0963079883596496, -2.8912673871675274
-0.2707279361195105, -0.059574593085509164, -2.95051273427075
-0.28068523647207694, -0.02738006874386656, -3.0102195398519296
-0.29349780622291827, 9.02542581933119E-5, -3.071570346645112
-0.30915083981002467, 0.022689685578153984, -3.1330996574036094
-0.32752600686303496, 0.04037595825345619, -3.194255681335311
-0.34848502649873436, 0.05319997899957407, -3.2547855737420055
-0.3719548214195755, 0.06132033485733146, -3.3158733116973367
-0.3977587217168347, 0.06492183957064768, -3.3760303302460115
-0.4256551756191872, 0.06426670007835966, -3.434733746697758
-0.45543704908435895, 0.05968192443754461, -3.492164211139241
-0.48706608769430126, 0.051555103305754635, -3.5494120477774924
-0.5201377026849866, 0.04024749430711427, -3.6045732202242178
-0.5544075240738948, 0.02617209165072243, -3.657480356974185
-0.5897887211232891, 0.00977142034124956, -3.7090743316167707
-0.6260368473628427, -0.00853413413965054, -3.7588304225043676
-0.6627675182841879, -0.02833964884003848, -3.8057465559068717
-0.6997327758834078, -0.04923463546630735, -3.849686444049828
-0.7369462742583128, -0.07080002706554112, -3.8918950632773717
-0.7740430606540089, -0.09267400496775569, -3.9312939115593264
-0.8105410215634076, -0.11494475096655687, -3.9653362821203055
-0.8466756312112773, -0.13786390797629267, -3.9952399482632206
-0.8830400742240749, -0.16133816410131185, -4.024224219878462
-0.9197832883201987, -0.18525105734605685, -4.052963297368006
-0.9565344722234417, -0.20953000080071948, -4.080168400155483
-0.9932317989203695, -0.2340854802495711, -4.105834517621526
-1.0298166359279683, -0.25883423211703604, -4.129963957688069
-1.0662575886549783, -0.2836974436570827, -4.152708936276448
-1.1029387931748047, -0.30857755969600653, -4.1754665352370495
-1.1393430024427857, -0.33343827377829083, -4.196584781958173
-1.175416876664994, -0.3582193113459349, -4.21606661187286
-1.2111089020860752, -0.38286552154957043, -4.233914752116081
-1.246369242097865, -0.40732660463297066, -4.250131323808501
-1.2811466405230654, -0.4315569933631922, -4.26470274455993
-1.31575490666637, -0.4554967069501572, -4.278798484041438
-1.3499691813046, -0.4791181417984909, -4.291665552009202
-1.3835577529567433, -0.5023974316305218, -4.302805433261294
-1.4164774720710638, -0.5253044011825319, -4.312224209794907
-1.4486864779074637, -0.5478121737560784, -4.3199267798929695
-1.4801442334338084, -0.5698969332026298, -4.32591733786628
-1.5108114893964562, -0.5915377004695879, -4.330199490653535
-1.5406502606017236, -0.6127161207182166, -4.3327763936794055
-1.5696235988407232, -0.6334162697368395, -4.333650083057629
-1.5978802484085708, -0.6536164897244383, -4.333273841173713
-1.625444062350426, -0.6733025734516147, -4.331728520499266
-1.6520165950768853, -0.692476500088409, -4.328403404228726
-1.6775651980149493, -0.7111302114623275, -4.323304106438069
-1.702058193327272, -0.7292572330989238, -4.3164353876115555
-1.7254649191410363, -0.7468525294235704, -4.307801495518294
-1.7477557110737922, -0.7639123703257935, -4.297406245720574
-1.7689018815403317, -0.780434206266853, -4.285253085037887
-1.7888756963715418, -0.7964165514831549, -4.271345139548581
-1.807650347899408, -0.8118588748568989, -4.255685247409751
-1.8251944249252485, -0.8267616809851539, -4.238259298383954
-1.8414932665618848, -0.8411257011781226, -4.219101396042473
-1.8565177217397175, -0.8549528494260752, -4.198198427649484
-1.8702443022488378, -0.8682454613561532, -4.175552068850025
-1.8826502154744256, -0.8810063827248218, -4.1511636253020185
-1.8937132783591677, -0.8932388985216599, -4.12503393398982
-1.9034118155020436, -0.9049466672453237, -4.09716324348429
-1.9117245316037337, -0.9161336603019468, -4.067551052989629
-1.9186303504567663, -0.9268041064124155, -4.036195899050335
-1.9241082098294702, -0.936962441005619, -4.003095074486567
-1.9281367974500536, -0.9466132606985251, -3.96824425786727
-1.9306942980457666, -0.9557612804451168, -3.93163727625719
-1.9317575885154588, -0.9644113096747517, -3.8932644661252525
-1.9312643048492206, -0.9725694487280636, -3.8530221873208843
-1.9291798183327138, -0.9802404621126932, -3.810836509209939
-1.9255060824528802, -0.9874284742557577, -3.766803862469562
-1.9206498656312938, -0.9941219722028425, -3.721596256740048
-1.9076975883560987, -0.9966278167660327, -3.6620835164135004
-1.8851903376986252, -0.9949695578115714, -3.585861120663339
-1.8591223950187619, -0.992843944683786, -3.5045657762321882
-1.8296693332941234, -0.9903235278312055, -3.4185106019431157
-1.796980109044374, -0.9874767148082846, -3.3279760376942717
-1.761136936583794, -0.9843702949656654, -3.2331352454705025
-1.72420527290779, -0.9809948808384732, -3.137309781357547
-1.685159814609602, -0.9774590920236896, -3.0389587183839266
-1.643655018187749, -0.973841983599808, -2.937473650799231
-1.6001072972336374, -0.9701918451315068, -2.8332651380218756
-1.5565794951057192, -0.9665020055847, -2.729925396368417
-1.5111219858035794, -0.962924991050274, -2.6244139913395905
-1.4649324752540422, -0.9594868864158972, -2.5185165308020827
-1.4187919661198822, -0.9562457026207731, -2.4134967400054994
-1.3710024466800976, -0.9533661550898591, -2.3066197250611293
-1.324531266504141, -0.950820265347069, -2.2023215598239028
-1.2767500357174004, -0.9488485306788377, -2.0971342945717844
-1.2305940206104644, -0.947441444285162, -1.9948356349934675
-1.1834117193713825, -0.9468863865367974, -1.891863118086518
-1.1380248290843666, -0.9472118847365767, -1.7920342059284464
-1.0925397420510223, -0.948722821353738, -1.6931323025077352
-1.0482437803576685, -0.9515920078980082, -1.5963815774178296
-1.0048872886079347, -0.956105440438165, -1.5017382912109631
-0.9621158989940205, -0.9626227137501147, -1.4090496571685096
-0.9214353168227527, -0.9714280081954252, -1.319313121773794
-0.8816055022121181, -0.9830517030358301, -1.2319383280585392
-0.8429245301159971, -0.9980074970578823, -1.1469143171001612
-0.8063942572774775, -1.0168014518107862, -1.065193304658267
-0.7709278078934485, -1.0401835509017325, -0.985938150977
-0.7373015393549449, -1.068770930901208, -0.9100058533900999
-0.705522647175977, -1.1032026294351165, -0.8370134093152533
-0.6751801110051008, -1.143987773825636, -0.7674684593857787
-0.6472403081217541, -1.1910888758041196, -0.701300269719129
-0.6208353314786634, -1.2439606527103004, -0.638906485070692
-0.5964012885635162, -1.3007712217574148, -0.5804580921042652
-0.574150299806609, -1.3582147111902478, -0.5259796216414422
-0.553648413147123, -1.4113964998987654, -0.47595736157392454
-0.5347796272232709, -1.454090781710205, -0.4303567511941324
-0.5172814211387919, -1.4798288706336922, -0.38939085185967376
-0.5011511694914426, -1.4834298162264532, -0.3524461252888563
-0.48584581678542094, -1.4626325913801987, -0.3194943242339303
-0.4710085521228291, -1.4186813099698394, -0.2903323191064966
-0.45637038509632244, -1.355822559749944, -0.26472589098693833
-0.44219025878836493, -1.2798397827014134, -0.24152118776404763
-0.4281551586136042, -1.196992321689732, -0.2211179138007825
-0.4143997638489174, -1.1126362585950105, -0.2031604934557638
-0.4010886762117536, -1.0308655675179974, -0.18739113931077245
-0.3884107826569856, -0.9544780985206662, -0.1736122963348785
-0.3765706764033282, -0.8851802492140948, -0.16166762292458658
-0.36578325684696134, -0.8238712827966759, -0.1514320015891667
-0.35548840494492484, -0.7692627497031661, -0.14242294919280274
-0.345169913935387, -0.7187518019817731, -0.13384432603552554
-0.334858809986034, -0.6710474759039098, -0.12584463663678558
-0.3245788435149341, -0.6261023953384859, -0.11837875722589364
-0.3143428124048688, -0.5838271174082532, -0.11134709999628689
-0.3041226691882817, -0.5440966045658748, -0.10459490534764071
-0.29398638388229514, -0.5068260831861164, -0.09828482369018154
-0.28393425498292046, -0.4718837815811172, -0.09238873023796079
-0.2739261793532296, -0.4391160748286973, -0.0867131355941606
-0.26399305187543964, -0.4084097800172066, -0.08136856729457542
-0.25416566717311384, -0.37964476187218343, -0.07636973533139546
-0.24440708255479465, -0.35268113732506157, -0.07155660553492427
-0.23476290364255675, -0.32741720332424373, -0.06702391324702883
-0.22525090756780203, -0.3037451228824999, -0.06278948715765065
-0.21578014263903672, -0.2815346238539336, -0.05866644233405305
-0.206445754692707, -0.2607132172401556, -0.05481947664793707
-0.19721088660819994, -0.24117779275711104, -0.05114865413465053
-0.18810297183749788, -0.22284794577644718, -0.047656864385329345
-0.1791460112927583, -0.20564905743435435, -0.04438180069910147
-0.17024354059081434, -0.18948853077043903, -0.04121530483815761
-0.1615187264988016, -0.17432085180840096, -0.0382737714923127
-0.15282908572532694, -0.16005605600690398, -0.03539345334953681
-0.14433968560590174, -0.14666434681874874, -0.03272853412277921
-0.1359225937079693, -0.1340687268456242, -0.030138488327942525
-0.12769447060969566, -0.12223819876794595, -0.027736689288169414
-0.11950100241429801, -0.11110209311800823, -0.02539851829712414
-0.11148662482395114, -0.10063858906589829, -0.02321540875086181
-0.10353211801130102, -0.0907905613514215, -0.02111015561668128
-0.09573466484732393, -0.08153387060308548, -0.019120315473488914
-0.08807725762017043, -0.07283202809236, -0.017248403207110963
-0.08051101874006952, -0.06464614116697831, -0.015451198980148684
-0.07310989417969999, -0.05695623862170418, -0.013774566360757134
-0.06573282161716529, -0.049717129647585345, -0.012144504811313128
-0.05851001080009821, -0.042919041820365766, -0.010614204397899174
-0.05139632750084347, -0.03653282617368969, -0.009170267033724366
-0.04437004800805042, -0.030533131592117346, -0.0077779728152771455
-0.037510362309490924, -0.024908741043049076, -0.00648897181865471
-0.030731405741250245, -0.019630565991418436, -0.00526705971579422
-0.02402420832536109, -0.014679387726907578, -0.004094751482476955
-0.01745061988006638, -0.010045196826828473, -0.002999974170328601
-0.010952605252835701, -0.0057061304578716054, -0.0019646470451968323
-0.0045245726589639435, -0.0016467131353166131, -9.750190962702909E-4
0.0017819659491236095, 0.0021414528122738474, -5.217439609195296E-5
0.0, 0.0, 0.0
0.0, 0.0, 0.0
0.0, 0.0, 0.0
0.0, 0.0, 0.0
0.0, 0.0, 0.0
0.0, 0.0, 0.0
0.0, 0.0, 0.0
0.0, 0.0, 0.0
0.0, 0.0, 0.0
0.0, 0.0, 0.0
0.0, 0.0, 0.0
0.0, 0.0, 0.0
0.0, 0.0, 0.0
0.0, 0.0, 0.0
0.0, 0.0, 0.0
0.0, 0.0, 0.0
0.0, 0.0, 0.0
0.0, 0.0, 0.0
0.0, 0.0, 0.0
0.0, 0.0, 0.0
0.0, 0.0, 0.0
0.0, 0.0, 0.0
0.0, 0.0, 0.0
0.0, 0.0, 0.0
0.0, 0.0, 0.0
0.0, 0.0, 0.0
0.0, 0.0, 0.0
0.0, 0.0, 0.0
0.0, 0.0, 0.0
0.0, 0.0, 0.0
0.0, 0.0, 0.0
0.0, 0.0, 0.0
0.0, 0.0, 0.0
0.0, 0.0, 0.0
0.0, 0.0, 0.0
0.0, 0.0, 0.0
0.0, 0.0, 0.0
0.0, 0.0, 0.0
0.0, 0.0, 0.0
0.0, 0.0, 0.0
0.0, 0.0, 0.0
0.0, 0.0, 0.0
0.0, 0.0, 0.0
0.0, 0.0, 0.0
0.0, 0.0, 0.0
0.0, 0.0, 0.0
0.0, 0.0, 0.0
0.0, 0.0, 0.0
0.0, 0.0, 0.0
0.0, 0.0, 0.0
0.0, 0.0, 0.0
0.0, 0.0, 0.0
0.0, 0.0, 0.0
0.0, 0.0, 0.0
0.0, 0.0, 0.0
0.0, 0.0, 0.0
0.0, 0.0, 0.0
