0.0, 0.0, -65.68023041105062
0.0, 0.0, -65.68023041105062
0.0, 0.0, -65.68023041105062
0.0, 0.0, -65.68023041105062
0.0, 0.0, -65.68023041105062
0.0, 0.0, -65.68023041105062
0.0, 0.0, -65.68023041105062
0.0, 0.0, -65.68023041105062
0.0, 0.0, -65.68023041105062
0.0, 0.0, -65.68023041105062
0.0, 0.0, -65.68023041105062
0.0, 0.0, -65.68023041105062
0.0, 0.0, -65.68023041105062
0.0, 0.0, -65.68023041105062
0.0, 0.0, -65.68023041105062
0.0, 0.0, -65.68023041105062
0.0, 0.0, -65.68023041105062
0.0, 0.0, -65.68023041105062
0.0, 0.0, -65.68023041105062
0.0, 0.0, -65.68023041105062
0.0, 0.0, -65.68023041105062
0.0, 0.0, -65.68023041105062
0.0, 0.0, -65.68023041105062
0.0, 0.0, -65.68023041105062
0.0, 0.0, -65.68023041105062
0.0, 0.0, -65.68023041105062
0.0, 0.0, -65.68023041105062
0.0, 0.0, -65.68023041105062
0.0, 0.0, -65.68023041105062
0.0, 0.0, -65.68023041105062
-0.02099584945938826, 0.003421312215468514, -65.55591577919157
-0.03571427534622629, 0.0021048614671214175, -65.47666205126546
-0.0516057078686174, 6.557543283610204E-4, -65.39687799963268
-0.06868484115479401, -9.320726662059159E-4, -65.31660303735386
-0.08696411754043254, -0.0026642152437010985, -65.23587880924659
-0.10645367769160163, -0.004546361493218007, -65.15474863114007
-0.1271611050415391, -0.006584237731638604, -65.07325805344009
-0.14909133788853168, -0.00878364644233405, -64.99145454409766
-0.172246660872859, -0.011150434252216262, -64.9093868885912
-0.19662637221493195, -0.013690537135196329, -64.82710611444091
-0.22222683930986964, -0.016409901258626403, -64.74466464006534
-0.24904148432502637, -0.019314420300255278, -64.66211587511624
-0.2770604359389388, -0.02241014680488164, -64.57951522153245
-0.3062707111042702, -0.025703040404429375, -64.4969189108599
-0.33665623075269746, -0.02919894894168995, -64.41438366776359
-0.36819750193848577, -0.03290389669954641, -64.33196765937028
-0.4008718219819789, -0.03682355749686393, -64.24972950930838
-0.4346533555325527, -0.040968110883479306, -64.16772765929983
-0.4695130844909663, -0.04533537570549359, -64.08602136419518
-0.5054185890449938, -0.04993465848673402, -64.00467017331486
-0.5423347685374571, -0.054771506000496475, -63.923732314012234
-0.5802233028771102, -0.05985130949664649, -63.84326644609677
-0.6190429417953478, -0.06517931734026045, -63.763330817434024
-0.6587498220643457, -0.07076064980325154, -63.68398247588967
-0.6992978340406317, -0.07659914212431088, -63.605276522153495
-0.7406379261998657, -0.08270163171052647, -63.52726830338092
-0.7827188965788601, -0.08907169439810206, -63.45001163552118
-0.8254875351710842, -0.09571369650909405, -63.3735585979799
-0.8688890315746951, -0.10263171305970126, -63.29795887762623
-0.912866557696681, -0.10982972316517287, -63.223261363883026
-0.957361773882468, -0.11731359328221685, -63.14951306616451
-1.0023155175655285, -0.12508242579054613, -63.07675818390895
-1.0476674172747966, -0.13314120926228873, -63.00503904878045
-1.0933564148944042, -0.14149281224976037, -62.9343956277765
-1.1393204773169714, -0.1501434629549271, -62.8648664771121
-1.185497627647, -0.15908819955641754, -62.79648731950595
-1.231825358927443, -0.16833207208908668, -62.72929200942387
-1.278241324423223, -0.17787643785045115, -62.663311947365116
-1.324683891661059, -0.18772237158794886, -62.59857511237927
-1.371091527265098, -0.19787018083594435, -62.53510801078873
-1.4174030972062148, -0.20832026046367438, -62.472935327525384
-1.4635582730792889, -0.21907209382814194, -62.41207944247608
-1.5094976178090729, -0.23012480134658705, -62.352560609693384
-1.555162726987188, -0.24147696010302017, -62.29439701965625
-1.6004963498333105, -0.25312659218008254, -62.23760487854756
-1.6454427129651314, -0.26507119109959293, -62.182198034674045
-1.6899471646503654, -0.2773136579936539, -62.128188771501385
-1.7339571336056236, -0.28983865376806167, -62.07558712095495
-1.7774206271849398, -0.30264714020704264, -62.02440269514499
-1.8202876236614847, -0.3157319742538315, -61.97464307324677
-1.8625094231293486, -0.32909060248662314, -61.926314768868195
-1.9040392354444515, -0.3427145271095149, -61.87942267372396
-1.9448318559987348, -0.3565960273356888, -61.83397056673008
-1.9848439645541243, -0.37072946162778425, -61.789960590389136
-2.024033963694749, -0.38509995307371886, -61.747394192409494
-2.0623613155665, -0.3997030917458674, -61.706272604712744
-2.0997879139238638, -0.41452071422481707, -61.66659533667796
-2.136276697625907, -0.4295434938152209, -61.62836189464051
-2.171792418233676, -0.4447578355487417, -61.59157092381939
-2.206301419366267, -0.46014903243105415, -61.55622051746397
-2.2397716037393085, -0.4757012369220163, -61.52230829283424
-2.272172401664749, -0.4913978953093881, -61.48983143260519
-2.303475141154263, -0.5072194328119224, -61.458786108776835
-2.333651972692935, -0.5231479192515343, -61.42916922900021
-2.362676670104655, -0.5391621967038558, -61.4009771571076
-2.390524319010252, -0.5552403985393451, -61.374206142627905
-2.4171713062893874, -0.5713594291066539, -61.34885232836833
-2.4425952714889503, -0.5874949768302213, -61.324911799101095
-2.466774525601272, -0.6036280996711385, -61.30238126385372
-2.4896900903297263, -0.6197193308140065, -61.28125560015533
-2.5113225789444993, -0.6357469837731724, -61.261531566866665
-2.527872765737656, -0.6509867983537369, -61.24856114457795
-2.537915307143913, -0.6649433035988849, -61.24356789106053
-2.543853596571804, -0.6778152977078303, -61.24241660139996
-2.5458539261741917, -0.6895545318190466, -61.244910680705075
-2.544079984027939, -0.7001222225199651, -61.2508684395091
-2.538692693905399, -0.7094873869896663, -61.260121679032125
-2.529850402360763, -0.717623807671903, -61.272514074503334
-2.5177072780337086, -0.7245257537320852, -61.28790198998568
-2.50241620597643, -0.7301770819180518, -61.30615005570357
-2.4841259747955764, -0.7345819364263512, -61.327133746338156
-2.462982934495045, -0.7377490346908218, -61.350736680271844
-2.4391311104683933, -0.7396910196142825, -61.37684997134323
-2.412711170507267, -0.7404374644849658, -61.40537294662502
-2.3838628235421098, -0.74001356295335, -61.43620976808582
-2.352723681109979, -0.7384537446698677, -61.469270421268995
-2.3194299190215224, -0.7357973769131204, -61.50446954088093
-2.2841171777871656, -0.7320822032868024, -61.54172496101792
-2.2469183483435815, -0.7273683757142393, -61.5809600234505
-2.2079677562891344, -0.7216991456446095, -61.62209816092827
-2.167398672770034, -0.7151272128898332, -61.66506550959624
-2.125344597388154, -0.7077035120968176, -61.70978894684623
-2.0819378415373633, -0.6994920369985754, -61.75619735562041
-2.037312231179196, -0.6905449555352394, -61.80421781921895
-1.9916014802202096, -0.6809135795906381, -61.85377741143311
-1.944937707520257, -0.6706686393714556, -61.90480400777586
-1.897455544008749, -0.6598589635468468, -61.95722074216757
-1.84928887613059, -0.6485404041606223, -62.01094937974606
-1.8005710663120817, -0.6367718028114069, -62.0659093624995
-1.75143574328352, -0.6246049231147488, -62.1220161318047
-1.702016114121366, -0.6120887936681979, -62.179181164559104
-1.652442830918048, -0.5992836458108456, -62.237314083449746
-1.6028463273239293, -0.586237222728618, -62.29631884823182
-1.553355237908364, -0.5729989702683, -62.35609463541888
-1.5040959880252203, -0.5596168560835268, -62.416535811313835
-1.4551923872362664, -0.5461373277515513, -62.47753164686597
-1.4067647994460968, -0.5326051832629595, -62.53896699314229
-1.3589302060385835, -0.5190636108251081, -62.60072107576641
-1.3118011469447133, -0.5055541470208221, -62.662668811867945
-1.265485936476776, -0.4921168742608377, -62.72467939948905
-1.220087999181879, -0.47879020665299743, -62.78661699419334
-1.1757054236176465, -0.46561101811253175, -62.84834103561542
-1.1324306573515264, -0.45261460562148836, -62.90970644013184
-1.090350189059146, -0.43983477269493165, -62.970563999043044
-1.0495442068880179, -0.4273036803427808, -63.03076108309313
-1.0100867089962575, -0.4150520559148867, -63.090141423061624
-0.9720456968390483, -0.40310936455168933, -63.148544858481145
-0.9354829766251225, -0.39150364265990684, -63.20580832409804
-0.900454370215896, -0.38026082260711747, -63.261766128682915
-0.8670096355780359, -0.3694081973044989, -63.316250651196
-0.8351930251995228, -0.35896916890273733, -63.36909281444912
-0.8023156100107274, -0.348831743863605, -63.42573489530581
-0.7669713587648221, -0.33821815095718777, -63.48871000882775
-0.7304412336510202, -0.3265569399260048, -63.5551518817486
-0.6929655701114594, -0.31399134012301033, -63.62488286509311
-0.6547813917937484, -0.3006641985872085, -63.697724035885706
-0.6161215236606639, -0.28671304266573, -63.77349411310656
-0.5772139747392941, -0.27226966621795734, -63.85200671460682
-0.5382804560516536, -0.25745911179287106, -63.933070174317606
-0.4995350697514276, -0.24239875382873538, -64.01648691161951
-0.46118277935776764, -0.22719670008353543, -64.10205378154376
-0.4234182718270336, -0.21195552169416843, -64.18956041338873
-0.3864250735955075, -0.19676569092261, -64.27878878974629
-0.3503734719010927, -0.18170956716580905, -64.36951538648582
-0.3154199619046567, -0.16686048101714054, -64.46150957851825
-0.2817060852803124, -0.15228282947056826, -64.55453449139902
-0.24935717863799312, -0.13803209686451484, -64.64834909983357
-0.2184820033053807, -0.12415783272939618, -64.74270717188392
-0.18917273977150018, -0.11069376653192736, -64.83735834142071
-0.16150337972512308, -0.09767403990082435, -64.93205080278327
-0.13553086535178416, -0.08512270692806612, -65.02652974266196
-0.11129447460428388, -0.0730584745743596, -65.12054052228467
-0.088816878807914, -0.061489810124278343, -65.21382776939083
-0.06810387381198435, -0.05042398572357237, -65.30613782059451
-0.04914556105694423, -0.039861649163904556, -65.39721903078764
-0.03191717671821337, -0.02979904853894716, -65.48682231032048
-0.016379995367348243, -0.02022857184236576, -65.57470246259814
-0.002482564457688241, -0.01113920764074322, -65.66061827807856
0.009838141171738535, -0.0025171975610563946, -65.74433343762718
0.0, 0.0, -65.68023041105062
0.0, 0.0, -65.68023041105062
0.0, 0.0, -65.68023041105062
0.0, 0.0, -65.68023041105062
0.0, 0.0, -65.68023041105062
0.0, 0.0, -65.68023041105062
0.0, 0.0, -65.68023041105062
0.0, 0.0, -65.68023041105062
0.0, 0.0, -65.68023041105062
0.0, 0.0, -65.68023041105062
0.0, 0.0, -65.68023041105062
0.0, 0.0, -65.68023041105062
0.0, 0.0, -65.68023041105062
0.0, 0.0, -65.68023041105062
0.0, 0.0, -65.68023041105062
0.0, 0.0, -65.68023041105062
0.0, 0.0, -65.68023041105062
0.0, 0.0, -65.68023041105062
0.0, 0.0, -65.68023041105062
0.0, 0.0, -65.68023041105062
0.0, 0.0, -65.68023041105062
0.0, 0.0, -65.68023041105062
0.0, 0.0, -65.68023041105062
0.0, 0.0, -65.68023041105062
0.0, 0.0, -65.68023041105062
0.0, 0.0, -65.68023041105062
0.0, 0.0, -65.68023041105062
0.0, 0.0, -65.68023041105062
0.0, 0.0, -65.68023041105062
0.0, 0.0, -65.68023041105062
0.0, 0.0, -65.68023041105062
0.0, 0.0, -65.68023041105062
0.0, 0.0, -65.68023041105062
0.0, 0.0, -65.68023041105062
0.0, 0.0, -65.68023041105062
0.0, 0.0, -65.68023041105062
0.0, 0.0, -65.68023041105062
0.0, 0.0, -65.68023041105062
0.0, 0.0, -65.68023041105062
0.0, 0.0, -65.68023041105062
0.0, 0.0, -65.68023041105062
0.0, 0.0, -65.68023041105062
0.0, 0.0, -65.68023041105062
0.0, 0.0, -65.68023041105062
0.0, 0.0, -65.68023041105062
-0.02498007348154374, 0.02151739430978339, -65.5532896639522
-0.0364260213951324, 0.008927338025221832, -65.48756604252371
-0.048747211195297346, -0.00482798158692932, -65.42071659745667
-0.061957644175820725, -0.01980007742147738, -65.35283443586287
-0.0760661460680554, -0.03604414479003348, -65.28401796718657
-0.09107629094316838, -0.05361605474856279, -65.2143708294453
-0.10698789659075825, -0.07256125838639771, -65.14399963898592
-0.12379384262311621, -0.09293192389388738, -65.07301709734087
-0.14148164192056267, -0.11477531499182647, -65.00153968553623
-0.16003268650763935, -0.1381360236073783, -64.92968830518824
-0.17942229495027284, -0.16305462627174372, -64.85758750434779
-0.19961900480393702, -0.18957060790417946, -64.78536555682929
-0.22058527429882258, -0.2177171011919774, -64.71315359915185
-0.24227693470394396, -0.24752340923155625, -64.6410856596963
-0.26464305769815866, -0.27901546909120134, -64.56929826383741
-0.2876275727092832, -0.31220943014280145, -64.49792771773083
-0.31116732606730135, -0.34711987403916245, -64.42711267611217
-0.33519371853691826, -0.3837537964089205, -64.35699155754479
-0.35963284193721723, -0.4221116001535652, -64.28770198993729
-0.38440579073047587, -0.4621871643652463, -64.2193803233668
-0.409428254291921, -0.5039713175866398, -64.15216181531693
-0.43461519058829534, -0.547435282328212, -64.08617548331858
-0.4598753771426285, -0.5925544909456442, -64.02155018670841
-0.48511628202242907, -0.6392924614248501, -63.95840897764454
-0.510243323130191, -0.6876068615398608, -63.89686987797688
-0.5351615588266556, -0.7374462513805841, -63.837044192659185
-0.5597756507769791, -0.7887520171474431, -63.779037386093236
-0.5839895440592562, -0.8414560646188542, -63.72295260687951
-0.607703418494201, -0.8954695592323588, -63.66890272246576
-0.6308192881898114, -0.9506908522899571, -63.61699362898936
-0.6532464587420854, -1.0070191082545625, -63.56730904731906
-0.6748980173876973, -1.0643478077601407, -63.51992329859435
-0.6956935887402835, -1.1225601380035115, -63.47489849587663
-0.7155597336473463, -1.181531343975072, -63.43228454310994
-0.7344281957722982, -1.2411359326867544, -63.39212182861442
-0.752239288520947, -1.3012411866777613, -63.354437745453026
-0.7689417867952164, -1.3617104741264265, -63.319247158151114
-0.7844930735993083, -1.422403314205301, -63.28655353692002
-0.7988597853990438, -1.4831764940146124, -63.256348327498124
-0.8120180719423473, -1.5438849874409768, -63.228611179976106
-0.8239538021661454, -1.6043827852216075, -63.2033101935086
-0.8346631517791314, -1.6645227689719655, -63.180401638503604
-0.8441504019058703, -1.7241630586729544, -63.15983258779326
-0.8524320699503587, -1.783156832248753, -63.14153728399564
-0.8595322620686758, -1.8413635749110877, -63.12544245583739
-0.8654842190024796, -1.8986457133424086, -63.11146580255306
-0.8703317000074273, -1.9548660289215354, -63.099514556992865
-0.8741239015200089, -2.009896748701681, -63.089491839646335
-0.8769196800989487, -2.063611856039131, -63.081291410277615
-0.8787844696924818, -2.115891378589668, -63.07480182428826
-0.8797897415632603, -2.166621057347835, -63.06990730848691
-0.8800101650767091, -2.2156967619836454, -63.06649089261586
-0.8795328794583535, -2.263007459291443, -63.06442360561904
-0.8784415109929835, -2.308461300530707, -63.06358327492539
-0.8768253976891822, -2.351968298829414, -63.063843685463866
-0.8747765790825186, -2.3934442129232876, -63.06507802349112
-0.8723883718641066, -2.432811529555012, -63.067160417625985
-0.8697544410933702, -2.4699980095849874, -63.06996751401681
-0.8669691540411533, -2.5049354697298862, -63.07337760207407
-0.8641257270414497, -2.537560800934904, -63.0772727947724
-0.8613157562871914, -2.5678149406348125, -63.0815395158878
-0.8586284857991435, -2.595642397906637, -63.0860692245576
-0.8561499286174206, -2.6209901372917823, -63.09075965630539
-0.8539622865209617, -2.6438075563234924, -63.09551507514285
-0.8521448332484614, -2.6640433399366272, -63.10024529383291
-0.850767977768732, -2.681652249495845, -63.104872428388965
-0.8498970245107786, -2.6965881744523017, -63.10932645303246
-0.8495932432288322, -2.708800533213501, -63.113544175471915
-0.8499091538838286, -2.7182399729903186, -63.1174743208722
-0.8508914846622488, -2.7248527014378, -63.12107412174519
-0.8525686697204611, -2.728596255650581, -63.12432347907969
-0.8549728672705168, -2.729408105231887, -63.12719976481836
-0.8581241238968271, -2.7272261986333413, -63.129695832404835
-0.8620207148430623, -2.7220011136456144, -63.13183077840095
-0.8666589883735893, -2.713668062540917, -63.133627356538305
-0.8720231041762263, -2.7021601466825746, -63.13512352690418
-0.8780766700066573, -2.6874194248704497, -63.13638168795834
-0.8860499868578682, -2.669962030972488, -63.13528794520714
-0.8957768847283187, -2.6497902746453894, -63.13221585070929
-0.9057641490045558, -2.626456663021132, -63.129768419036964
-0.9159210690453552, -2.600129072882521, -63.12802860861969
-0.9261546123103379, -2.5709812500825096, -63.12708156150296
-0.9363708472309069, -2.5391924613835117, -63.127012332798635
-0.9464791405150974, -2.5049428590938985, -63.12790068776278
-0.9563825588693478, -2.4684292802306533, -63.12983090981283
-0.9659955526964028, -2.4298400306536254, -63.13287219635691
-0.9752329038152974, -2.3893723426474636, -63.13709025468002
-0.9840175759848551, -2.347221110719221, -63.142538621524196
-0.992278772718997, -2.3035822305138947, -63.14926060041522
-0.9999502427348856, -2.2586556570348333, -63.15729091480297
-1.0069749123292109, -2.2126381014178174, -63.16665082652549
-1.0133042081419594, -2.1657238964017664, -63.17734892570367
-1.0188978807760884, -2.118104956500934, -63.18938143843665
-1.0237251605108675, -2.0699675442081173, -63.202731528881415
-1.0277642186051255, -2.021493898354887, -63.21736956533299
-1.031002517600009, -1.9728602312518415, -63.233253283632685
-1.0334366318678905, -1.924236175405866, -63.2503282751094
-1.035072072318619, -1.8757841679738527, -63.26852848781618
-1.035923019815975, -1.8276589616277228, -63.28777682904101
-1.036011991594262, -1.7800072439874823, -63.30798583659489
-1.035369942158745, -1.7329665022870544, -63.32905790463183
-1.034033805060731, -1.6866684492924096, -63.35088808068281
-1.0320466938701562, -1.6412376750751243, -63.3733642235605
-1.0294655293482036, -1.596776435047166, -63.39635983745471
-1.0263440739313276, -1.5533968921968424, -63.41975048449746
-1.0227459095422695, -1.5111946362549862, -63.44340187296694
-1.0187391876755747, -1.470258487850237, -63.46717498936128
-1.014397073164166, -1.4306684916820127, -63.49092607204245
-1.0097958142053312, -1.3924999266323728, -63.51450838470106
-1.0050156827728394, -1.3558207116786056, -63.537771584448365
-1.0001400306049355, -1.3206929023745562, -63.56056276405287
-0.9952548542401081, -1.2871729298346783, -63.58272710205744
-0.9904486361713287, -1.2553126141028481, -63.60410779196081
-0.9858118714436319, -1.2251595436042102, -63.624546722937424
-0.9814366876377347, -1.1967578385179727, -63.64388488109131
-0.9774166540402289, -1.1701485618874512, -63.661962566656335
-0.9738464523515793, -1.1453705325875867, -63.67861971406503
-0.9708216633291258, -1.1224609519828936, -63.6936960955524
-0.96843856347349, -1.1014560860172373, -63.707031502799275
-0.9667939485431587, -1.082391963436323, -63.71846589428647
-0.9659849825439979, -1.0653050932789876, -63.72783951197626
-0.9661081874728632, -1.0502354536942096, -63.73499371313807
-0.9672621329579023, -1.0372201932715792, -63.73976868757898
-0.9695451388451213, -1.0262999375917414, -63.7420053758754
-0.9730539050871254, -1.0175231033618695, -63.74154659095098
-0.9778859522000811, -1.010940420050913, -63.73823496055838
-0.9841387028383757, -1.0066081527586739, -63.731913698433985
-0.9917662983008677, -1.0044441734159832, -63.72270920354999
-1.0003508430069212, -1.0037085681686073, -63.71153141356931
-1.0095633118765157, -1.0037489112255489, -63.69910330547394
-1.019402601890361, -1.0045357565302155, -63.685442950427195
-1.029866949068949, -1.0060406520710075, -63.6705691320257
-1.0409540189262536, -1.0082359404195391, -63.65450125883258
-1.0526609574139023, -1.0110946558144311, -63.63725931191881
-1.0649844277642222, -1.0145904515121247, -63.61886380592355
-1.0779206485489174, -1.018697515529677, -63.59933575049843
-1.091465464241967, -1.0233905304044888, -63.5786965441019
-1.1056144475856806, -1.0286446343881759, -63.556967813810836
-1.1203626411634788, -1.0344351458950207, -63.53417191922546
-1.1357048142519197, -1.0407376297079947, -63.51033150160677
-1.1516354255127785, -1.0475278151372538, -63.4854695626029
-1.1681486437436641, -1.054781516593339, -63.459609443802755
-1.185238363230865, -1.0624745629772556, -63.43277481082294
-1.2028982164975428, -1.0705827279572322, -63.404989639411276
-1.2211215845297305, -1.07908166101209, -63.3762782033626
-1.2399016728935948, -1.0879468768073444, -63.34666493605229
-1.2592316447785201, -1.0971537836552567, -63.31617418644165
-1.279104134587345, -1.1066772622135157, -63.28483111395043
-1.2995116164268916, -1.1164917988347836, -63.25266101935067
-1.32044632518343, -1.1265714381908762, -63.219689463352836
-1.3419002583860857, -1.1368896998868956, -63.18594225727518
-1.3638651701930522, -1.1474195129251463, -63.15144545958036
-1.3863325866500338, -1.158133185180174, -63.11622532643275
-1.4092949205756522, -1.169000103894851, -63.08030695051823
-1.4327416778891457, -1.1799958557932968, -63.04371844474081
-1.45666429553496, -1.191088051351983, -63.00648611154279
-1.48105319345024, -1.202245732022134, -62.968637135633855
-1.5058993971410928, -1.2134337700904292, -62.93019808057594
-1.5311908558646143, -1.224625354683554, -62.89119827838279
-1.5569181408130177, -1.2357836914448908, -62.85166426219229
-1.5830705108897964, -1.2468738547487206, -62.81162368489606
-1.609636526718024, -1.2578593787195333, -62.77110497601696
-1.636604326288233, -1.2687026516660196, -62.7301367466875
-1.6639615569689399, -1.2793647402455344, -62.688747879538326
-1.6916953325088793, -1.289805359272674, -62.64696754508487
-1.7197925833733008, -1.2999830756419521, -62.60482452474062
-1.7482395490935128, -1.3098551553421984, -62.562348017929466
-1.7770215077834912, -1.319376888452082, -62.519568144454084
-1.8061230412711957, -1.3285022724061537, -62.47651531367916
-1.8355279702052094, -1.3371837572829786, -62.433220311396354
-1.86521928651083, -1.345372271291168, -62.38971433911453
-1.895181334823306, -1.353011233731822, -62.34602631536673
-1.9253923612420554, -1.3600607986367714, -62.30219117280014
-1.9558339997666812, -1.3664615110662417, -62.258240060489705
-1.9864853254497596, -1.3721583383840288, -62.21420615386325
-2.0173242515545198, -1.3770947937090419, -62.1701232531787
-2.0483275406317345, -1.3812131691583973, -62.12602567055359
-2.0794712811539817, -1.3844548533675793, -62.081947350214605
-2.110729386926426, -1.3867594414975404, -62.03792440041791
-2.1420742904362706, -1.3880656683767172, -61.99399377152324
-2.1734768392248736, -1.388311308208375, -61.95019339612262
-2.204907558954009, -1.3874270354387304, -61.906560832917926
-2.2363314461122794, -1.3853613924984947, -61.86313867365159
-2.267715474927929, -1.3820476087742628, -61.819966390837955
-2.299023967339343, -1.3774176548425543, -61.77708604947008
-2.330217991969538, -1.3714099183669004, -61.73454243945082
-2.3612574901354506, -1.3639582367540344, -61.69238084938418
-2.3920983726377054, -1.3550065548677037, -61.65065026478651
-2.422696848131636, -1.344487476003558, -61.60939855862269
-2.453004597856758, -1.3323501404395333, -61.5686775969676
-2.4829721365180717, -1.3185344080949815, -61.52854036775746
-2.5125468930396035, -1.302986619045055, -61.489042629134396
-2.5416737651408994, -1.2856565426813713, -61.450242405981086
-2.570295108098062, -1.2664979882831402, -61.41220006478307
-2.5983507450714196, -1.2454694534749247, -61.37497837102558
-2.625778362795857, -1.2225349211795158, -61.33864193288801
-2.65251426856499, -1.1976576146673814, -61.30325656253609
-2.678488922300234, -1.1708273307183534, -61.26889481763184
-2.7036335976680306, -1.1420220743434493, -61.23562808647047
-2.727876942015972, -1.111231545188371, -61.20353069886104
-2.751144198323585, -1.0784666322997294, -61.172680980660274
-2.773361497425814, -1.0437288494076782, -61.14315629905717
-2.7944525970457086, -1.0070378646781863, -61.115037019106964
-2.8143385859086916, -0.9684429977234673, -61.08840687373887
-2.8329443040759923, -0.9279651519643359, -61.06334560045124
-2.8501896108001983, -0.8856789156067173, -61.03993960185741
-2.8659971982639076, -0.8416492492328391, -61.01827252579638
-2.880290125795634, -0.7959585253955819, -60.99842839451782
-2.892993158425937, -0.7486982144277736, -60.980490115319256
-2.9040326786954154, -0.6999758462994347, -60.964539700402725
-2.913337324092777, -0.649916261870271, -60.95065765525073
-2.9208390498293593, -0.5986549950890304, -60.938921783367746
-2.926474208707794, -0.5463278574034668, -60.929405980218085
-2.9301825749467465, -0.4930955418449132, -60.92218157854526
-2.9319090587648535, -0.43912462201607505, -60.91731534913187
-2.9316039298690333, -0.38459097049508184, -60.91486934624898
-2.929223382238712, -0.3296783152708537, -60.91490029101528
-2.9247297403413812, -0.27457637279933145, -60.91745951290456
-2.9180917890945848, -0.21948494618415287, -60.92259262806664
-2.909285381012599, -0.16459942575055425, -60.93033883612047
-2.8982933266693633, -0.1101147717991334, -60.940731184423946
-2.885105588284012, -0.056250327720713145, -60.95379649358995
-2.8697193695078846, -0.0031947481365026467, -60.96955522825927
-2.852138811419934, 0.048858136582728764, -60.98802205832099
-2.8323751768104852, 0.09971263117880069, -61.00920568805519
-2.810446561423661, 0.14917965231269342, -61.033109284865965
-2.7863771066946157, 0.19709303759340058, -61.05973147202324
-2.7599469815802244, 0.24326783352300657, -61.089482341203606
-2.7309781086081504, 0.2874602861926188, -61.12260537386481
-2.699574094100387, 0.32948587646949623, -61.15890446950251
-2.6658686051999814, 0.3691956197094023, -61.19825807173188
-2.629997422757646, 0.40647298038774576, -61.24054478672968
-2.5920974999194195, 0.44122802943363565, -61.2856441032309
-2.5523062562407066, 0.47339154595478017, -61.3334368248368
-2.510759606594969, 0.5029286767502642, -61.38380693410709
-2.4675924070336865, 0.5298183556143818, -61.43664068030846
-2.422937351736106, 0.5540585016892245, -61.491827440182874
-2.3769242227284417, 0.575667007714629, -61.5492601113184
-2.3296789890282144, 0.5946736760912257, -61.60883629780982
-2.2813232454770525, 0.6111346841240328, -61.67045773326866
-2.2319761622264, 0.6251028382137661, -61.73402791348946
-2.1817510677097625, 0.6366565594662985, -61.799455670030646
-2.1307583815121474, 0.6458666978950216, -61.86665161617943
-2.0791029551561335, 0.6528162413194118, -61.935531059745074
-2.0268831361919304, 0.6576085303714013, -62.00601447859241
-1.9741953406569719, 0.6603325022392293, -62.078021668732724
-1.921130543571695, 0.6610868037039066, -62.151475807247415
-1.8677748983562328, 0.6599719380296037, -62.2263026673281
-1.8142088324482444, 0.6570888724458992, -62.302432173542684
-1.760510145565692, 0.652533484764955, -62.379793175217706
-1.7067498590696601, 0.6464191724742485, -62.45831850804504
-1.6529965237531492, 0.6388382981745248, -62.537941016447874
-1.59931303299662, 0.6298884501944404, -62.61859669306304
-1.5457591836346714, 0.619665279515965, -62.70022066742818
-1.4923906419012951, 0.6082618830302313, -62.78274921715195
-1.4392581428833369, 0.5957649931735184, -62.86612188693539
-1.386408526897104, 0.5822679480035912, -62.95027795956819
-1.333886894393868, 0.5678493328721206, -63.03515531856055
-1.281732206947547, 0.5525929270608188, -63.12069633173793
-1.2299816588680166, 0.5365745568049395, -63.206841529827386
-1.1786697899354595, 0.5198653191077204, -63.29353109021389
-1.1278270445592646, 0.5025312463977679, -63.38070799040848
-1.0774795061509392, 0.4846492175388204, -63.46831617555794
-1.02765340326114, 0.46627629647182844, -63.55629703063913
-0.9783703129941062, 0.4474713908884892, -63.6445956028857
-0.929650243791464, 0.42829089387598, -63.73315552495916
-0.8815109319654546, 0.40878764159926695, -63.821920902876556
-0.8339671412219083, 0.3890109311457243, -63.9108380837735
-0.7870325355453591, 0.3690074989210359, -63.99985203822556
-0.7407186086322151, 0.34882089746259, -64.08890897655606
-0.6950352187658861, 0.32849009603157847, -64.17795592332588
-0.6499904254966804, 0.30805734119956774, -64.26693971589813
-0.6055915360194284, 0.2875544230682804, -64.35580813092167
-0.5618438886398165, 0.26701714949852695, -64.44450959779388
-0.5187527379321102, 0.2464747763099171, -64.53299194081535
-0.4763215782153356, 0.2259553978604789, -64.62120499854942
-0.43455356595861705, 0.20548591784904613, -64.70909794386561
-0.39345118417964553, 0.1850904089460207, -64.79662067103028
-0.35301601275962824, 0.16479160262969217, -64.88372421552391
-0.3132497280907076, 0.14461031687064507, -64.97035904209169
-0.27415338947227585, 0.12456538616069501, -65.05647684541756
-0.2357279115926545, 0.10467452929425247, -65.14202956343658
-0.1979742760512524, 0.08495397417164752, -65.22696924441018
-0.1608932477987315, 0.06541840296927315, -65.31124889321582
-0.1244858370480495, 0.04608151690038953, -65.39482151591949
-0.08875322529460661, 0.026955663083716663, -65.4776405656634
-0.053696736744894835, 0.00805213410027028, -65.5596600913447
-0.0193180812376319, -0.010618633229914853, -65.6408342987507
0.0, 0.0, -65.68023041105062
0.0, 0.0, -65.68023041105062
0.0, 0.0, -65.68023041105062
0.0, 0.0, -65.68023041105062
0.0, 0.0, -65.68023041105062
0.0, 0.0, -65.68023041105062
0.0, 0.0, -65.68023041105062
0.0, 0.0, -65.68023041105062
0.0, 0.0, -65.68023041105062
0.0, 0.0, -65.68023041105062
0.0, 0.0, -65.68023041105062
0.0, 0.0, -65.68023041105062
0.0, 0.0, -65.68023041105062
0.0, 0.0, -65.68023041105062
0.0, 0.0, -65.68023041105062
0.0, 0.0, -65.68023041105062
0.0, 0.0, -65.68023041105062
0.0, 0.0, -65.68023041105062
0.0, 0.0, -65.68023041105062
0.0, 0.0, -65.68023041105062
0.0, 0.0, -65.68023041105062
0.0, 0.0, -65.68023041105062
0.0, 0.0, -65.68023041105062
0.0, 0.0, -65.68023041105062
0.0, 0.0, -65.68023041105062
0.0, 0.0, -65.68023041105062
0.0, 0.0, -65.68023041105062
0.0, 0.0, -65.68023041105062
0.0, 0.0, -65.68023041105062
0.0, 0.0, -65.68023041105062
0.0, 0.0, -65.68023041105062
0.0, 0.0, -65.68023041105062
0.0, 0.0, -65.68023041105062
0.0, 0.0, -65.68023041105062
0.0, 0.0, -65.68023041105062
0.0, 0.0, -65.68023041105062
0.0, 0.0, -65.68023041105062
0.0, 0.0, -65.68023041105062
0.0, 0.0, -65.68023041105062
0.0, 0.0, -65.68023041105062
0.0, 0.0, -65.68023041105062
0.0, 0.0, -65.68023041105062
0.0, 0.0, -65.68023041105062
0.0, 0.0, -65.68023041105062
0.0, 0.0, -65.68023041105062
0.0, 0.0, -65.68023041105062
0.0, 0.0, -65.68023041105062
0.0, 0.0, -65.68023041105062
0.0, 0.0, -65.68023041105062
0.0, 0.0, -65.68023041105062
0.0, 0.0, -65.68023041105062
0.0, 0.0, -65.68023041105062
0.0, 0.0, -65.68023041105062
0.0, 0.0, -65.68023041105062
0.0, 0.0, -65.68023041105062
0.0, 0.0, -65.68023041105062
0.0, 0.0, -65.68023041105062
0.0, 0.0, -65.68023041105062
0.0, 0.0, -65.68023041105062
0.0, 0.0, -65.68023041105062
0.0, 0.0, -65.68023041105062
0.0, 0.0, -65.68023041105062
0.0, 0.0, -65.68023041105062
0.0, 0.0, -65.68023041105062
0.0, 0.0, -65.68023041105062
0.0, 0.0, -65.68023041105062
0.0, 0.0, -65.68023041105062
0.0, 0.0, -65.68023041105062
0.0, 0.0, -65.68023041105062
0.0, 0.0, -65.68023041105062
0.0, 0.0, -65.68023041105062
0.0, 0.0, -65.68023041105062
0.0, 0.0, -65.68023041105062
0.0, 0.0, -65.68023041105062
0.0, 0.0, -65.68023041105062
0.0, 0.0, -65.68023041105062
0.0, 0.0, -65.68023041105062
0.0, 0.0, -65.68023041105062
0.0, 0.0, -65.68023041105062
0.0, 0.0, -65.68023041105062
0.0, 0.0, -65.68023041105062
0.0, 0.0, -65.68023041105062
0.0, 0.0, -65.68023041105062
0.0, 0.0, -65.68023041105062
0.0, 0.0, -65.68023041105062
0.0, 0.0, -65.68023041105062
0.0, 0.0, -65.68023041105062
0.0, 0.0, -65.68023041105062
0.0, 0.0, -65.68023041105062
0.0, 0.0, -65.68023041105062
0.0, 0.0, -65.68023041105062
0.0, 0.0, -65.68023041105062
0.0, 0.0, -65.68023041105062
0.0, 0.0, -65.68023041105062
0.0, 0.0, -65.68023041105062
0.0, 0.0, -65.68023041105062
0.0, 0.0, -65.68023041105062
0.0, 0.0, -65.68023041105062
0.0, 0.0, -65.68023041105062
0.0, 0.0, -65.68023041105062
0.0, 0.0, -65.68023041105062
0.0, 0.0, -65.68023041105062
0.0, 0.0, -65.68023041105062
0.0, 0.0, -65.68023041105062
0.0, 0.0, -65.68023041105062
0.0, 0.0, -65.68023041105062
0.0, 0.0, -65.68023041105062
0.014981066801111886, 0.028480575497489946, -65.70883164864027
0.00883367612717656, 0.04591458163478368, -65.67453300133711
0.002856792348467252, 0.0630424046513427, -65.64083382005437
-0.00296022938328111, 0.0798174140794694, -65.60774930110125
-0.008625413033773732, 0.0961966064967048, -65.57529892353689
-0.014146637929830064, 0.1121327716793008, -65.54350378835491
-0.01952957170865144, 0.1275805938743737, -65.51238895016643
-0.024778796662104696, 0.14249270006031134, -65.4819823908694
-0.02989688984941452, 0.15682232521483108, -65.45231615414637
-0.03488472085011285, 0.17052250467808716, -65.42342587605636
-0.03974129398341919, 0.18354607272309909, -65.39535135311111
-0.04446321477842474, 0.19584755853456404, -65.36813718692581
-0.04904574789052507, 0.20738003091473645, -65.34183131768062
-0.05348108481357361, 0.21810059301296536, -65.31648767565649
-0.05775974302091935, 0.22796619934547468, -65.29216433822438
-0.061870019597937365, 0.23693641378459462, -65.26892394471339
-0.06579801989771372, 0.24497341054314314, -65.2468341153676
-0.06952779780325269, 0.2520424170319546, -65.22596721261209
-0.07304150221125205, 0.2581124008028963, -65.20640001267229
-0.07631952931813224, 0.2631567241874754, -65.18821349447397
-0.07934120666641498, 0.26715126745092, -65.17149225662237
-0.08208308141630116, 0.2700837535461158, -65.15632644800318
-0.08452227589184602, 0.27194181665190253, -65.14280717099997
-0.08663485883743238, 0.272721698886765, -65.13102859872244
-0.08839670481754869, 0.2724266127969214, -65.12108692401257
-0.0897839809980212, 0.27106735302361773, -65.11307935155097
-0.0907736453409278, 0.2686625667678546, -65.1071032738492
-0.09134394204653162, 0.2652391480622772, -65.1032553678253
-0.09147499278275895, 0.2608324056176198, -65.10163034274721
-0.0911492824639577, 0.25548596957208547, -65.10232021277439
-0.09035211877306626, 0.2492523580408359, -65.10541317705322
-0.08907235308655448, 0.24219153464879917, -65.11099221134856
-0.08730419583816307, 0.2343759003116741, -65.11912425898214
-0.08513335188990556, 0.22602553259731684, -65.12939454637903
-0.08265484547577362, 0.21735317864228643, -65.14133927647696
-0.0798825081939647, 0.2084293827070322, -65.15493710115484
-0.07683273692252701, 0.19932469004000636, -65.17015976341706
-0.07352434092649762, 0.19010908908249424, -65.18697197334679
-0.06997832482128619, 0.18085137592296535, -65.20533152162936
-0.06621766996449097, 0.17161829400132939, -65.22518937859311
-0.06226695903454793, 0.16247479844255075, -65.24649006279427
-0.058152218042248904, 0.15348217541976777, -65.26917170695387
-0.05390017147541393, 0.14470187029294862, -65.29316707358016
-0.049539217767880395, 0.13618085726512424, -65.31840191382837
-0.04509710097758646, 0.12797227991041005, -65.34479853762895
-0.040601891478353025, 0.12012115267830015, -65.37227431717368
-0.03608133916078682, 0.11266741200010483, -65.40074262268709
-0.031562527455117007, 0.10564589194974414, -65.43011346064246
-0.027071570774024778, 0.0990861578784975, -65.46029405726523
-0.02263333494248787, 0.0930124350081924, -65.49118944323745
-0.01827118064203681, 0.08744373370374181, -65.52270303836957
-0.014006748332606733, 0.0823937323237175, -65.554737243985
-0.009859777454034102, 0.0778710560828603, -65.5871939066177
-0.005847955992194898, 0.07387942606110945, -65.61997484969719
-0.001986775727628398, 0.07041916383300575, -65.65298242575477
0.001710416003025017, 0.06748208592763444, -65.68611970838057
0.0, 0.0, -65.68023041105062
0.0, 0.0, -65.68023041105062
0.0, 0.0, -65.68023041105062
0.0, 0.0, -65.68023041105062
0.0, 0.0, -65.68023041105062
0.0, 0.0, -65.68023041105062
0.0, 0.0, -65.68023041105062
0.0, 0.0, -65.68023041105062
0.0, 0.0, -65.68023041105062
0.0, 0.0, -65.68023041105062
0.0, 0.0, -65.68023041105062
0.0, 0.0, -65.68023041105062
0.0, 0.0, -65.68023041105062
0.0, 0.0, -65.68023041105062
0.0, 0.0, -65.68023041105062
0.0, 0.0, -65.68023041105062
0.0, 0.0, -65.68023041105062
0.0, 0.0, -65.68023041105062
0.0, 0.0, -65.68023041105062
0.0, 0.0, -65.68023041105062
0.0, 0.0, -65.68023041105062
0.0, 0.0, -65.68023041105062
0.0, 0.0, -65.68023041105062
0.0, 0.0, -65.68023041105062
0.0, 0.0, -65.68023041105062
0.0, 0.0, -65.68023041105062
0.0, 0.0, -65.68023041105062
0.0, 0.0, -65.68023041105062
0.0, 0.0, -65.68023041105062
0.0, 0.0, -65.68023041105062
0.0, 0.0, -65.68023041105062
0.0, 0.0, -65.68023041105062
0.0, 0.0, -65.68023041105062
0.0, 0.0, -65.68023041105062
0.0, 0.0, -65.68023041105062
0.0, 0.0, -65.68023041105062
0.0, 0.0, -65.68023041105062
0.0, 0.0, -65.68023041105062
0.0, 0.0, -65.68023041105062
0.0, 0.0, -65.68023041105062
0.0, 0.0, -65.68023041105062
0.0, 0.0, -65.68023041105062
0.0, 0.0, -65.68023041105062
0.0, 0.0, -65.68023041105062
0.0, 0.0, -65.68023041105062
0.0, 0.0, -65.68023041105062
-0.01357796097698305, -0.01400519494515251, -65.58544431634616
-0.024852847739311734, -0.024226696901727685, -65.51480317544787
-0.03749103733285697, -0.034671264894663656, -65.44200553077468
-0.05155146243872455, -0.045298568243769044, -65.3672009576216
-0.06708585958734847, -0.05606685929623145, -65.290543960456
-0.08413790117777076, -0.0669327828465256, -65.21219421950997
-0.10274211016545998, -0.0778544330974491, -65.13231687921672
-0.12292365219001056, -0.08878546382985897, -65.05108162619696
-0.1446967641168566, -0.09968370245992358, -64.96866393125136
-0.16806476738803156, -0.11050461943701506, -64.8852437029897
-0.19301926891526566, -0.1212050972884337, -64.8010049911398
-0.21953973756808054, -0.13174305020084592, -64.71613561776864
-0.2475930758327456, -0.14207795385160515, -64.63082695807178
-0.27713349115976627, -0.15217147173352463, -64.54527287721983
-0.3081025569649283, -0.1619879178144566, -64.45966851161121
-0.34042954167737705, -0.17149229244143632, -64.37420910679644
-0.374030544280207, -0.18066091008298996, -64.28909122640026
-0.40881028512530104, -0.18946699974650466, -64.20450960666496
-0.4446619551469695, -0.19789106745794735, -64.12065679787702
-0.4814679709609564, -0.20591902317752914, -64.03772241922513
-0.519100762615758, -0.2135424784434867, -63.955892296625265
-0.5574235874444957, -0.22075940304721806, -63.87534783252757
-0.5962914227766252, -0.22757526642259748, -63.79626536700013
-0.6355525218078117, -0.23399929606481853, -63.71881445263723
-0.675048577498341, -0.24005075729345204, -63.643159258085554
-0.7146163969579069, -0.2457550902806805, -63.569456841273485
-0.7540888154529783, -0.251144998106697, -63.49785719763634
-0.7932955006279325, -0.25625979676939453, -63.42850383100651
-0.8320642050821032, -0.2611458799181743, -63.36153287529474
-0.8702213960646175, -0.26585612145478094, -63.29707405795157
-0.9102687004716863, -0.27183346144658455, -63.229895518094764
-0.9540297375742206, -0.2792668769056754, -63.157122429110366
-1.0005962806688862, -0.2868395325289754, -63.08146913101194
-1.0499236560651948, -0.29449591193563784, -63.00321389782141
-1.1019538295409443, -0.30217627270602054, -62.92263966322178
-1.1566138498839074, -0.309824824973824, -62.84003343144746
-1.2138153132037495, -0.3173770872283117, -62.755685391880846
-1.2734540694681131, -0.32476483888144425, -62.669886484210735
-1.335408263013118, -0.331928414719292, -62.58293003285528
-1.3995399993749995, -0.33879658321448336, -62.49510777004969
-1.4656947258260207, -0.34530011298503477, -62.4067094203333
-1.533702345731479, -0.3513690277518452, -62.318020160427444
-1.603378119574403, -0.356933494571957, -62.22931901429624
-1.6745226402811353, -0.36192305568899186, -62.140879892996736
-1.746924176399184, -0.3662625080891409, -62.052968192627084
-1.8203588338245575, -0.369894561692907, -61.965841225554634
-1.8945946814448842, -0.37274814781720617, -61.879743681382784
-1.969391656140406, -0.37475981506908607, -61.79490951158496
-2.044503175965393, -0.37586881179478127, -61.71156180922746
-2.1196784397413433, -0.3760184366194511, -61.629911259053316
-2.194664383078769, -0.3751564672615057, -61.550155511350574
-2.2692083476087053, -0.3732294084302495, -61.47247752324277
-2.3430562513045743, -0.3702098948800019, -61.39705120648202
-2.4159573365025055, -0.36605449809993346, -61.32403686236286
-2.4876637393520395, -0.3607378429435101, -61.25358376107464
-2.5579332028751587, -0.3542340519288031, -61.18582841642838
-2.6265280926662538, -0.3465470267319377, -61.12089803564733
-2.693217036937451, -0.3376712264298647, -61.058910659340405
-2.757775265873721, -0.32761837469294114, -60.99997581042772
-2.8199852302755772, -0.31641207062590876, -60.94419519101489
-2.879637497007945, -0.3040887776707185, -60.89166255109982
-2.936530673347421, -0.29068908212277217, -60.842465113453
-2.990469533523205, -0.27629225380720135, -60.79668710955325
-3.0412670071819115, -0.26098308348633836, -60.754407679862105
-3.0887441210347086, -0.24484107262069643, -60.71570158070145
-3.1327287772025, -0.22797808357848454, -60.68064113318366
-3.1730560067172195, -0.21053227409207653, -60.64929618303163
-3.209568474784529, -0.19263736352178396, -60.62173367786035
-3.2421141228762833, -0.17446065210018175, -60.598021138434575
-3.2705473600184476, -0.15616983682924407, -60.57822493198542
-3.2947281526525627, -0.13794896276719829, -60.56241148151293
-3.3145216781682594, -0.11998737144088745, -60.550647698345806
-3.329797640119202, -0.10249147672486925, -60.54300182096491
-3.3404298650519673, -0.085674226584391, -60.53954390349044
-3.346295769439111, -0.0697165717836555, -60.540346521536335
-3.3472753600129748, -0.05483376345776501, -60.545486059767306
-3.3432509611443075, -0.0412096006668609, -60.555043200873236
-3.334106389227233, -0.029020422634644025, -60.56910421366322
-3.319726422347623, -0.018410007225493706, -60.587762002926794
-3.29999631078179, -0.009522840251474204, -60.61111729664359
-3.2821017745732064, -0.002965886645908429, -60.62979383497775
-3.268649344891328, 0.002043291836741002, -60.64146937308106
-3.254914610957952, 0.006888669235040063, -60.653398843684606
-3.2408960834703526, 0.011561498350275177, -60.66558487118128
-3.226592276625393, 0.016063525001518614, -60.67803014998436
-3.212001716149989, 0.02039658883873217, -60.690737441244934
-3.19712294295788, 0.024562601511934307, -60.70370957271024
-3.18195451696534, 0.028563544273034387, -60.71694943853122
-3.1664950210904044, 0.03240146504448558, -60.73045999899401
-3.150743065436898, 0.03607847572686533, -60.74424428017293
-3.1346972916671563, 0.03959674939626553, -60.758305373499326
-3.1183563775657177, 0.04295851761316326, -60.7726464352417
-3.1017190800571868, 0.04615938006812979, -60.787270641346076
-3.084784086342669, 0.04921556067777985, -60.80218136570657
-3.0675503391106806, 0.05212226998055716, -60.81738176969799
-3.050016583983277, 0.054881914030856474, -60.832875461330296
-3.0321816351486346, 0.05749690746217387, -60.84866610085734
-3.0140445271493617, 0.059964962115745965, -60.86475718081628
-2.995604260653213, 0.06229875547402207, -60.88115237818842
-2.976860026353979, 0.06449562077672309, -60.89785529711967
-2.957811008445548, 0.06656511356293426, -60.91486970588683
-2.9384566569588957, 0.06849536039324865, -60.932199221826124
-2.9187963454870287, 0.07029668104051234, -60.94984772100134
-2.898829635260153, 0.07196943813463019, -60.967819032876704
-2.87855613781758, 0.073521318908216, -60.98611710864468
-2.8579756518190624, 0.07495245879376694, -61.004745865602416
-2.837088146115147, 0.07625885101133682, -61.02370921306053
-2.81589353139585, 0.07745736820228588, -61.04301132958872
-2.794392036540067, 0.07854606312251408, -61.06265622275837
-2.772584158775426, 0.0795224489352109, -61.082647743676524
-2.7504701558752327, 0.08038972536615967, -61.102990409071474
-2.7280505891220255, 0.08115539304262284, -61.12368851973303
-2.7053263323819303, 0.08181988471643593, -61.14474620559036
-2.6822984226757587, 0.08238600992629563, -61.166167638857274
-2.658968156285007, 0.08285048068993915, -61.18795692497467
-2.6353368350708966, 0.08322894915174735, -61.210118410556106
-2.6114061780465043, 0.0835174744391017, -61.23265619748935
-2.5871780561019646, 0.0837188071212717, -61.25557446407784
-2.5626545699622056, 0.08383573145968248, -61.27887737651206
-2.53783810596755, 0.08386674628856462, -61.30256902625382
-2.5127311529105105, 0.08382370232092896, -61.326653652786575
-2.487336607046444, 0.08370452610804296, -61.35113528212395
-2.461657671982654, 0.0835119176112146, -61.37601779721938
-2.435697493580526, 0.08324855271857425, -61.401305611472395
-2.409459690679978, 0.08291707848803755, -61.42700275217889
-2.3829482255007113, 0.08252018668476202, -61.453113087796396
-2.3561673584704677, 0.08206051245193868, -61.47964041172453
-2.3291216683566693, 0.08153949849819211, -61.506588417785714
-2.3018160008809216, 0.08096263760793744, -61.533960760862485
-2.2742555731316614, 0.08033071709763356, -61.56176092957186
-2.2464727039449297, 0.07964718643125436, -61.58994353344213
-2.2185189440696673, 0.0789170477426777, -61.61846185169844
-2.190419944650386, 0.07814434027178313, -61.64731568946869
-2.162182014111603, 0.0773314638627574, -61.67650577357899
-2.133811688417202, 0.07647871519086966, -61.706032622338384
-2.105315409204466, 0.07559206206332211, -61.73589708341401
-2.0766998195181, 0.07467205767093733, -61.76609986502872
-2.0479718148156483, 0.07372082648008277, -61.79664138080576
-2.019138435018786, 0.07274046084711577, -61.82752195518119
-1.9902068640504913, 0.07173300272529488, -61.85874181782298
-1.9611844289054732, 0.07070043856426107, -61.89030109819785
-1.93207859829249, 0.06964470316261208, -61.922199820238156
-1.9028969809817164, 0.06856767924462148, -61.95443789694919
-1.8736473237917242, 0.06747119790213316, -61.987015125037296
-1.8443375092160128, 0.06635703906702835, -62.01993117956251
-1.8149755526810898, 0.06522693200724461, -62.05318560863055
-1.7855696702395605, 0.06408254433272173, -62.08677768575227
-1.7561279354327217, 0.06292550399746641, -62.12070708769134
-1.7266587176363446, 0.061757422026406175, -62.154973006020306
-1.6971705383695133, 0.06057980798453352, -62.189574417125975
-1.6676720323582916, 0.05939414617414611, -62.224510145182606
-1.6381719426871513, 0.05820187363322491, -62.259778857168264
-1.6086791153239943, 0.05700438065527251, -62.29537905832176
-1.5792024932520965, 0.05580301138693068, -62.331309087779644
-1.5497511105114548, 0.05459905322229027, -62.36756711387246
-1.5203341398936638, 0.053393784800034955, -62.40415101266356
-1.4909606487214049, 0.052188398833309335, -62.441058875342065
-1.4616399487636258, 0.050984051282734665, -62.47828823803187
-1.4323812353918806, 0.049781864738281306, -62.51583684285065
-1.4031938429640745, 0.04858294459228577, -62.55370206460664
-1.3740872045405172, 0.04738830952956402, -62.591880972758176
-1.3450707898729304, 0.04619895674862596, -62.63037044424165
-1.316154096541121, 0.04501584284980879, -62.66916716128392
-1.2873466406193899, 0.04383988441176213, -62.70826760979379
-1.258657947075764, 0.042671958603614786, -62.747668078126054
-1.2300975153339833, 0.04151580611240152, -62.78736468595245
-1.2016749084717144, 0.040366353093816726, -62.82735326384355
-1.1733996038785879, 0.039227301164198966, -62.86762950831744
-1.1452811269837948, 0.03809624496783949, -62.908188784745086
-1.117328605112804, 0.0369833334113934, -62.949026999911005
-1.0895514394563817, 0.03587981519593675, -62.99013927139863
-1.061958914965433, 0.03478940186063624, -63.03152052665346
-1.0345602673810799, 0.03371268762868311, -63.073165469019195
-1.007364647328978, 0.03265022307216084, -63.11506861051301
-0.9803811093644201, 0.03160252541713214, -63.15722427486973
-0.9536186011283707, 0.03057007918678292, -63.19962660093595
-0.9270859525692945, 0.029553336817086308, -63.242269546504076
-0.9007918980963474, 0.028552703518423497, -63.28514680545058
-0.8747448721681819, 0.02756860192875687, -63.32825232805767
-0.8489532621280302, 0.02660135307810577, -63.37157963604769
-0.8234253301881491, 0.02565129410438436, -63.415121998361265
-0.7981690957141829, 0.024718765947400183, -63.45887273173831
-0.7731924769347289, 0.02380401227002077, -63.502824793756204
-0.7485032035182311, 0.022907278770461524, -63.54697099806364
-0.7241088076327422, 0.02202878365735484, -63.5913040210983
-0.7000166363087139, 0.021168708733917557, -63.63581634765453
-0.676233657140239, 0.02032724262520253, -63.680500823705245
-0.6527667539609165, 0.019504509464429838, -63.725349786285584
-0.6296225936976816, 0.018700628453452807, -63.77035542626748
-0.606807599711443, 0.017916791723479278, -63.815509842381985
-0.584327970676207, 0.01715082264615562, -63.86080501860616
-0.5621896448110544, 0.016402910005026916, -63.90623286065442
-0.5403982948105712, 0.015675135029209284, -63.95178520930486
-0.5189591803185518, 0.014966443458650893, -63.9974543664091
-0.4978774647934969, 0.014276842317447356, -64.04323203590948
-0.47715804423956865, 0.013606279806333922, -64.08910986405758
-0.456805536235807, 0.012955447749719514, -64.1350794634787
-0.4368242918727612, 0.012322741709671367, -64.181132403972
-0.41721837930887595, 0.011708180353914957, -64.22726022438951
-0.39799146040179245, 0.011113042900975919, -64.27345487447512
-0.3791470366552687, 0.010537082242044788, -64.31970789872214
-0.3606883364886553, 0.009978939687554344, -64.36601081511999
-0.34261829323242843, 0.00943908614160376, -64.41235516791001
-0.32493956348970254, 0.008917345162867131, -64.45873249615677
-0.30765447449031047, 0.008413547285397137, -64.50513453502721
-0.2907650422696122, 0.007927482936719613, -64.55155317101762
-0.2742730831922442, 0.00745853588507508, -64.59798002864247
-0.2581801078176591, 0.007007322458327022, -64.64440686754709
-0.2424873571289714, 0.006573535813103548, -64.69082548294615
-0.22719580631569247, 0.00615587459587026, -64.7372277061855
-0.2123060779762742, 0.005755135796983323, -64.78360575483163
-0.19781860190772793, 0.005370984404169551, -64.82995163216647
-0.18373355011950654, 0.00500256608037066, -64.87625740062987
-0.17005082815258898, 0.004649901595867704, -64.92251522781218
-0.15677008732968023, 0.004312698699341965, -64.96871737228564
-0.1438906744319146, 0.003990668764108788, -65.01485644019127
-0.13141173778309057, 0.0036835034684203627, -65.06092493869953
-0.11933219349602009, 0.003390894645620441, -65.1069154488049
-0.10765072003099618, 0.0031125278109022537, -65.15282068076266
-0.09636576525078144, 0.0028480808001220756, -65.19863347401485
-0.08547552046221796, 0.002597234119348273, -65.24434696553627
-0.07497799585383014, 0.0023596554791538056, -65.289954251783
-0.0648709940312191, 0.0021350131644079246, -65.33544854902095
-0.05515211161191136, 0.0019229717114585855, -65.38082322242305
-0.04581874436346567, 0.0017231905591783003, -65.42607179928042
-0.036868085695935804, 0.0015353339118710802, -65.47118802143673
-0.028297167595566997, 0.00135905341200151, -65.51616565886674
-0.020102842497515816, 0.001194006193550326, -65.56099864713734
-0.012281793020957998, 0.0010398501995955503, -65.60568107524419
-0.004830536387948392, 8.962372996074164E-4, -65.65020720438869
0.002254558239666693, 7.627808864128973E-4, -65.69457140711013
0.0, 0.0, -65.68023041105062
0.0, 0.0, -65.68023041105062
0.0, 0.0, -65.68023041105062
0.0, 0.0, -65.68023041105062
0.0, 0.0, -65.68023041105062
0.0, 0.0, -65.68023041105062
0.0, 0.0, -65.68023041105062
0.0, 0.0, -65.68023041105062
0.0, 0.0, -65.68023041105062
0.0, 0.0, -65.68023041105062
0.0, 0.0, -65.68023041105062
0.0, 0.0, -65.68023041105062
0.0, 0.0, -65.68023041105062
0.0, 0.0, -65.68023041105062
0.0, 0.0, -65.68023041105062
0.0, 0.0, -65.68023041105062
0.0, 0.0, -65.68023041105062
0.0, 0.0, -65.68023041105062
0.0, 0.0, -65.68023041105062
0.0, 0.0, -65.68023041105062
0.0, 0.0, -65.68023041105062
0.0, 0.0, -65.68023041105062
0.0, 0.0, -65.68023041105062
0.0, 0.0, -65.68023041105062
0.0, 0.0, -65.68023041105062
0.0, 0.0, -65.68023041105062
0.0, 0.0, -65.68023041105062
0.0, 0.0, -65.68023041105062
0.0, 0.0, -65.68023041105062
0.0, 0.0, -65.68023041105062
0.0, 0.0, -65.68023041105062
0.0, 0.0, -65.68023041105062
0.0, 0.0, -65.68023041105062
0.0, 0.0, -65.68023041105062
0.0, 0.0, -65.68023041105062
0.0, 0.0, -65.68023041105062
0.0, 0.0, -65.68023041105062
0.0, 0.0, -65.68023041105062
0.0, 0.0, -65.68023041105062
0.0, 0.0, -65.68023041105062
0.0, 0.0, -65.68023041105062
0.0, 0.0, -65.68023041105062
0.0, 0.0, -65.68023041105062
0.0, 0.0, -65.68023041105062
0.0, 0.0, -65.68023041105062
0.0, 0.0, -65.68023041105062
0.0, 0.0, -65.68023041105062
0.0, 0.0, -65.68023041105062
0.0, 0.0, -65.68023041105062
