-4.444619170523488E-15, 2.0475348990966697E-15, 0.0
-4.444619170523488E-15, 2.0475348990966697E-15, 0.0
-4.444619170523488E-15, 2.0475348990966697E-15, 0.0
-4.444619170523488E-15, 2.0475348990966697E-15, 0.0
-4.444619170523488E-15, 2.0475348990966697E-15, 0.0
-4.444619170523488E-15, 2.0475348990966697E-15, 0.0
-4.444619170523488E-15, 2.0475348990966697E-15, 0.0
-4.444619170523488E-15, 2.0475348990966697E-15, 0.0
-4.444619170523488E-15, 2.0475348990966697E-15, 0.0
-4.444619170523488E-15, 2.0475348990966697E-15, 0.0
-4.444619170523488E-15, 2.0475348990966697E-15, 0.0
-4.444619170523488E-15, 2.0475348990966697E-15, 0.0
-4.444619170523488E-15, 2.0475348990966697E-15, 0.0
-4.444619170523488E-15, 2.0475348990966697E-15, 0.0
-4.444619170523488E-15, 2.0475348990966697E-15, 0.0
-4.444619170523488E-15, 2.0475348990966697E-15, 0.0
-4.444619170523488E-15, 2.0475348990966697E-15, 0.0
-4.444619170523488E-15, 2.0475348990966697E-15, 0.0
-4.444619170523488E-15, 2.0475348990966697E-15, 0.0
-4.444619170523488E-15, 2.0475348990966697E-15, 0.0
-4.444619170523488E-15, 2.0475348990966697E-15, 0.0
-4.444619170523488E-15, 2.0475348990966697E-15, 0.0
-4.444619170523488E-15, 2.0475348990966697E-15, 0.0
-4.444619170523488E-15, 2.0475348990966697E-15, 0.0
-4.444619170523488E-15, 2.0475348990966697E-15, 0.0
-4.444619170523488E-15, 2.0475348990966697E-15, 0.0
-4.444619170523488E-15, 2.0475348990966697E-15, 0.0
-4.444619170523488E-15, 2.0475348990966697E-15, 0.0
-4.444619170523488E-15, 2.0475348990966697E-15, 0.0
-4.444619170523488E-15, 2.0475348990966697E-15, 0.0
-4.444619170523488E-15, 2.0475348990966697E-15, 0.0
-4.444619170523488E-15, 2.0475348990966697E-15, 0.0
-4.444619170523488E-15, 2.0475348990966697E-15, 0.0
-0.040782200227426076, -0.017945888778937387, -0.0054350086934249475
-0.03998181048377592, -0.025709961862367244, -0.0076843499772007995
-0.04106040519768862, -0.035845817696717304, -0.01060139964173179
-0.039306046724235884, -0.04748127434740885, -0.013748754131764684
-0.04097506324426559, -0.062186277601682334, -0.017599172646069583
-0.03948885478350617, -0.07867926161979594, -0.021732798517940966
-0.03914806287895401, -0.09812706652216246, -0.02636512752684217
-0.04069184132241111, -0.12088512957342673, -0.03149056412064222
-0.038026718448512804, -0.14586563516160184, -0.036931467409875296
-0.03885449313580814, -0.17498044412102648, -0.042743813525429
-0.037967598244244234, -0.20729507234462446, -0.04913942139882521
-0.03784864870582783, -0.2437054687914892, -0.05562967160558219
-0.03660806246127813, -0.2840099542250793, -0.06262274440246474
-0.03817532497973875, -0.32927776429912087, -0.06996587457987058
-0.035841988813014376, -0.37859769121905246, -0.07745295155948839
-0.03591974357162409, -0.43338979013055806, -0.08533595605290789
-0.03682670498204366, -0.49368799770766375, -0.09352862250528016
-0.03400745606479672, -0.55913488332569, -0.1018430964812409
-0.03430292553551673, -0.6311798461032698, -0.11025456376335585
-0.032946132626754394, -0.7093726575452595, -0.11919064500787246
-0.033833494450042696, -0.7947525335788617, -0.1279534063514568
-0.031225101555403038, -0.8868558516142009, -0.13688075550315748
-0.0312449965975814, -0.9868844530704399, -0.1458777789800535
-0.030705449708973823, -1.0947754885721788, -0.1550692320106778
-0.030708588232938542, -1.2110431507259334, -0.16435044328142767
-0.028839995815430623, -1.335839682327465, -0.17328875464027693
-0.026924082894308702, -1.4696534506788124, -0.18233456825933536
-0.02638878753184493, -1.612936013584697, -0.19120511157264075
-0.024770144746004478, -1.7657235642079268, -0.20018662324777736
-0.024713714682827573, -1.9284826663806693, -0.20886682313587956
-0.023256299782753235, -2.1011551956715127, -0.21759168280813357
-0.02305186075654198, -2.284058559989584, -0.22592668482282385
-0.02082688634323127, -2.4770665665450475, -0.23397486231859
-0.01941838202260016, -2.6802892187299436, -0.24163864235674481
-0.017784629832546587, -2.893553946397466, -0.24909408440639202
-0.01572218039439433, -3.1166419122489573, -0.25623873139462083
-0.01492453881557099, -3.349288988991747, -0.2630206422116864
-0.012092655979067505, -3.5910048064873945, -0.2696010285156841
-0.01189942726272553, -3.8413401333556663, -0.2756946473765071
-0.010596089793339484, -4.0996296603158795, -0.2815861804258431
-0.0077051022783329905, -4.365196426640514, -0.28694848503264625
-0.006638433747225617, -4.637230816851568, -0.2916925166132778
-0.004521031409015389, -4.914866585977455, -0.296223920352548
-0.0015695427241142516, -5.197175725331984, -0.30051391723108023
-5.890302714646226E-4, -5.4831168465803435, -0.30448080194075045
2.3305757514146722E-4, -5.771723800345717, -0.3083501531287838
0.0011575228297764325, -6.0619903808898155, -0.3121860764398143
0.002320645905674819, -6.352935174285857, -0.3158558974627488
0.005072186956191601, -6.643723987377682, -0.31850128156669055
0.006145887104064492, -6.933239400404955, -0.32116954927161573
0.006837037144485466, -7.220672239636128, -0.32401832356146776
0.006884659312826887, -7.5052133111105706, -0.32714348068407506
0.007183827534149808, -7.786239261279587, -0.33003772671438175
0.009074133432500405, -8.063281986409816, -0.33200895670770514
0.010165812679974403, -8.335597955835935, -0.33433120743709044
0.01024137654823742, -8.602722367472852, -0.3371174209221963
0.00943876648673236, -8.864309847999996, -0.340274148594945
0.01114380113061397, -9.120465313834755, -0.3418564608994479
0.011848693916551186, -9.370641148811968, -0.3439428342902731
0.011377810531079998, -9.614688915376489, -0.34664217905099365
0.00991374926321886, -9.852558656873848, -0.34983115734560477
0.011185377249799396, -10.08469017615929, -0.35116627796399447
0.011433330183332032, -10.3107092219582, -0.35307948019177193
0.01051959517926981, -10.530673171395774, -0.35566246914680466
0.008805784929803325, -10.744728849786675, -0.3586542813493403
0.009870749160251654, -10.953473858461882, -0.35959947574974915
0.010006812026500885, -11.156630046109187, -0.3610985386713349
0.00910849198747576, -11.354353532815084, -0.3632206509773933
0.005621329683011652, -11.539022623424048, -0.365110967336152
0.003885310470291166, -11.715600540213613, -0.3629141053058158
0.0014833893094865454, -11.895228149389203, -0.35975455394802447
-0.00157061442905904, -12.07791251531483, -0.3556197642894817
-0.005269057418355375, -12.263616982786674, -0.3505154193453238
-0.009388205110059559, -12.452284574094518, -0.34428452380043284
-0.010983727032031657, -12.644182667529995, -0.3345760095227579
-0.012912289321674878, -12.838742961813855, -0.32378460836431844
-0.01511566369573281, -13.03570567390261, -0.31191621770018374
-0.017532497177318532, -13.234737757568668, -0.29898045240173676
-0.020116173241162553, -13.435425399738898, -0.2850022544355212
-0.022823151798738065, -13.637271251157541, -0.27001431720387603
-0.02503229692458109, -13.839771882703698, -0.25354175916124744
-0.02515660751665894, -14.042480430300598, -0.23426599841017404
-0.02661761317611067, -14.244253087952755, -0.2144151389178548
-0.028375621166373047, -14.444374170371992, -0.19383459745717568
-0.030104777041146006, -14.641975936853411, -0.17252337066679257
-0.03183614555082249, -14.836097640585555, -0.1506059400148121
-0.03361960772140083, -15.025733626159733, -0.12822747861045147
-0.03554135182777763, -15.20985008547357, -0.10556713786412952
-0.035547771401305946, -15.38773505472062, -0.0804049670408481
-0.0363482057554514, -15.558091120540864, -0.05498884092888212
-0.037229884776471385, -15.72002178277605, -0.029597401507912346
-0.03831811487811399, -15.872632166926143, -0.004453946642259843
-0.03978247095893162, -16.015115129989486, 0.020178131250321862
-0.0418365019356497, -16.146770200092355, 0.043993723521649875
-0.04170565532003923, -16.26744529085653, 0.06999395970282074
-0.04082824086320037, -16.376566422050608, 0.09653084510854648
-0.04047118718953247, -16.473708896164503, 0.12215556748519318
-0.040842472612685705, -16.558733885259723, 0.14659381688640327
-0.0423693201301012, -16.631611272788874, 0.16942280357505046
-0.04352348016658781, -16.692686179894498, 0.19250382109826747
-0.04253974402698058, -16.742454357409038, 0.2177326708042201
-0.04220199900807287, -16.780889950993057, 0.24170418593492182
-0.042663522017865725, -16.808373756743503, 0.2642358740499098
-0.04409777486069145, -16.825327865224903, 0.2851220122863971
-0.044880787169831134, -16.832422847754618, 0.30653470039069186
-0.043393732227949185, -16.83036363381571, 0.33065304723168754
-0.042615237958429926, -16.81926536537201, 0.3535951303017397
-0.04308177691951732, -16.799530088420692, 0.37493121148754294
-0.044507416758428515, -16.77160204618068, 0.39480205563533655
-0.04688264643256846, -16.73586230249534, 0.4132241089752675
-0.0454995856830458, -16.693178158622135, 0.43678777046406414
-0.04467308035470464, -16.64337749725932, 0.45947596528006607
-0.04439761418712874, -16.586703674659756, 0.4812833483849772
-0.044645974029872144, -16.523352136439005, 0.5022246692101928
-0.04537974479122787, -16.453469944410525, 0.5223233501467384
-0.0465415828023863, -16.377157651499093, 0.5416202394386757
-0.048049763959157506, -16.294471237469317, 0.5601794512018518
-0.04694057532728247, -16.205677748431118, 0.5824204228559972
-0.0470071416996083, -16.116587200231564, 0.6037159868532999
-0.04819086879670543, -16.0263282321851, 0.6242311418023997
-0.0492753688994625, -15.926423233820024, 0.6445568634922624
-0.05015556233817443, -15.816490397563518, 0.6645496896894154
-0.051998724036751216, -15.696033598189702, 0.6828447583461825
-0.05434418588763457, -15.564645066032742, 0.6995264255019291
-0.05650033912080744, -15.421890635566092, 0.7149019217897239
-0.05833082145016478, -15.267287354400738, 0.7287430428156333
-0.05968596927193826, -15.100354264568084, 0.7408162812866024
-0.06041658304576437, -14.920629080395239, 0.7508695040825593
-0.06036889003280855, -14.72768910008923, 0.7586436543049735
-0.06289044991548587, -14.5210835515448, 0.760225270069321
-0.06511299806782356, -14.300720157845763, 0.7580413832024677
-0.06667366129378238, -14.066481677664598, 0.7520239354637297
-0.06681629839851388, -13.818392844070198, 0.7429903249821005
-0.06468338953840913, -13.556637780483834, 0.7319645902917887
-0.06389562910552082, -13.281584595334543, 0.714114133427775
-0.06363872630525647, -12.993951312409303, 0.6898792702862772
-0.0626105005672084, -12.694627268366533, 0.6603241389932663
-0.060890993644195486, -12.384715000637774, 0.6252220560390817
-0.05859414992421531, -12.06554935033128, 0.5843977432030855
-0.055889410981086136, -11.738678706125933, 0.5377014859772469
-0.05533551802223969, -11.40593190697251, 0.4824839982174852
-0.05572727536245826, -11.069191661301355, 0.4201162103272166
-0.054186545016580386, -10.73015755715046, 0.3556464631128132
-0.05040510464165849, -10.390683808746688, 0.29011842087609696
-0.046722261620921086, -10.052869101606674, 0.21991208347310526
-0.04339565393600298, -9.718535228071243, 0.14520696814610817
-0.04071896170834855, -9.389366460931056, 0.06613681640070224
-0.039036297725611575, -9.066872235131836, -0.017255411147182376
-0.038348832434992326, -8.752290756829343, -0.10431282969431971
-0.03320221344569508, -8.445632033667573, -0.18451965662114275
-0.028792456735195152, -8.148509682795405, -0.26693690316428964
-0.025305523946488776, -7.861483974895069, -0.3514480172060544
-0.022934159548915648, -7.584900716711211, -0.43801458727415743
-0.02191708476100596, -7.318917640614984, -0.5267330079327452
-0.02080501554920611, -7.063113443597768, -0.6146311505744456
-0.015913433128306845, -6.816337059620015, -0.6948084602186055
-0.01174769148981181, -6.579286393108258, -0.7754910985110982
-0.008390168417826253, -6.351529829557947, -0.8567077802149639
-0.005942873760701687, -6.132560389492481, -0.9385397837612337
-0.004545353935724087, -5.921817951372666, -1.021136831084959
-0.003997859497737902, -5.718598667331499, -1.1040168278027382
0.0010540729764199027, -5.520720901290307, -1.1774040687404406
0.005412081835072243, -5.328939552336363, -1.2508070252587362
0.007598685446896788, -5.142859522698433, -1.3254779322071544
0.009201119157171252, -4.9614564829087975, -1.4000116365855062
0.01022808989813084, -4.784015501313823, -1.4743709626111483
0.010698104960670914, -4.60981745099777, -1.5485029670707844
0.010659480736031398, -4.43813596371076, -1.622321317889997
0.010451911937161992, -4.271435734158948, -1.6981171169008082
0.014383387802957778, -4.107341006845573, -1.7702011129543038
0.018245697413971303, -3.94297729743278, -1.8433166306269935
0.02193653753167357, -3.7786967731182863, -1.9173033132139334
0.02537672049618855, -3.6148522062439086, -1.991935470682501
0.02817644557611487, -3.4518573368033976, -2.0671509101268786
0.029999709874058308, -3.2901148620968415, -2.1428393170188316
0.031332596955335294, -3.1298830726590845, -2.218474647723279
0.03203316826713686, -2.971529402359541, -2.293906070337447
0.031902658261716337, -2.81542169272257, -2.369050510064058
0.03287543390943392, -2.6614908259216654, -2.4407882711401783
0.036587844859220724, -2.5098080303384793, -2.506735720075438
0.039943838939139546, -2.3613308383067095, -2.5711347998656
0.042842088741371846, -2.216370473228969, -2.633876864953841
0.04517185985125493, -2.0752137622011797, -2.6948933375875805
0.046781095794746534, -1.938122939829223, -2.754188308343018
0.047471884596407936, -1.805330287906633, -2.811847659127949
0.045113452625821886, -1.6772167207385917, -2.868471491914204
0.046776770360074764, -1.5531932285221222, -2.916911451679324
0.04927627621922825, -1.4338422100827042, -2.9611543810219145
0.050899030248717995, -1.319437731368663, -3.00318624147467
0.05152077071174598, -1.2100399967080733, -3.043167575150325
0.050970329804671526, -1.1056703374445733, -3.0813441092092164
0.048993005932062676, -1.0063090601768445, -3.118079280468603
0.04676239834704309, -0.9118729430794941, -3.15216980802721
0.05001960449695408, -0.8223334540799045, -3.177576750685893
0.05279588504861631, -0.7377596268556539, -3.2012692688410582
0.05505244191978597, -0.6580415583997874, -3.223540811392188
0.05670870592734544, -0.5830415403450304, -3.2447493746092224
0.05764559861088791, -0.5125927515831596, -3.2653240464497193
0.05156037604912455, -0.4464373141093502, -3.285409036718157
0.05169882172845285, -0.385029090141735, -3.2967286808473926
0.05252389386083899, -0.32784969468588326, -3.3063817817940246
0.05316549135291692, -0.2746451091489656, -3.315584026048194
0.05357973760059708, -0.22520792861222433, -3.324722945537731
0.05365917255313012, -0.1793124174695861, -3.334249080864624
0.053193081219903064, -0.136705702169517, -3.3447150219502877
0.050334880506815775, -0.09782423447852445, -3.3474743881011566
0.04998078404211314, -0.06239732839583718, -3.3482212932186637
0.05003019299823785, -0.02990945017367847, -3.3494788835744287
0.05042449310808505, -1.5912118148770442E-4, -3.351586615716829
0.05104800481286053, 0.027066841053271333, -3.3549223506846584
0.048586231550273855, 0.05227227626598845, -3.3593160620733773
0.044139856071359056, 0.07478640302981915, -3.3579926642589855
0.044437617112309084, 0.09429490517467293, -3.35426849621409
0.045679958838222394, 0.1117392890032643, -3.3517652143448258
0.047769587527332284, 0.12728507785422077, -3.350709454951324
0.04976985217843354, 0.1411868461550408, -3.3511197137309487
0.04130793407164068, 0.15475830624821746, -3.3505338118752657
0.035930731768193606, 0.16639402200850945, -3.3500770892562404
0.03848167580204719, 0.1747396814485394, -3.3449942903352454
0.04225720715347813, 0.18166953436853844, -3.341474489295382
0.04574981215332485, 0.18745158286624825, -3.3391159134105775
0.04021333893888323, 0.19322550473941408, -3.3349434514489165
0.036086103901747706, 0.1979547070220085, -3.3329282051215543
0.0329620003451021, 0.20181421381007453, -3.3332801077477074
0.03345759988850316, 0.20396057662680117, -3.333172774611706
0.037235893018586534, 0.20384473709115652, -3.3286714716841015
0.034194711013624694, 0.20375493936258265, -3.3222143603202055
0.032930835133067486, 0.20276201312579484, -3.3175863392659473
0.03311439261622206, 0.2009714515427768, -3.31477553688289
0.03446270605999401, 0.1984795079257558, -3.3137740343658795
0.03511294208120307, 0.19562239694362776, -3.3141104560344576
0.025229438449475335, 0.1940241067315605, -3.313197004186294
0.02330064796466091, 0.18957837452739074, -3.3088070639026785
0.025195627547849316, 0.18360878436073086, -3.3038455730936738
0.028297369153241544, 0.17701616865842268, -3.300268131552513
0.032393775577669086, 0.1698535869591587, -3.2979757444088027
0.030259466639242835, 0.1631773478523189, -3.294023021003478
0.025965819534565334, 0.1564624125654926, -3.2901041243733493
0.02310531939535476, 0.14923164032953135, -3.2877339978401956
0.021325023812861495, 0.14156440602077086, -3.2868162196506328
0.020326375202027954, 0.1335320101440865, -3.2872772925440135
0.02130923105995341, 0.12458567810021864, -3.287552294479294
0.020906347998232096, 0.11435441039660726, -3.281646620204273
0.018914644564173685, 0.1039900300873387, -3.2753496433554874
0.01814971823690303, 0.09313204440374562, -3.2700484490202406
0.01834397411960786, 0.08182537709420618, -3.2655971968820867
0.01929547832751632, 0.07010112872774449, -3.261861046062497
0.020838188167492607, 0.057983554502904426, -3.2587165410319807
0.022818532163038082, 0.04549616198197653, -3.256054634596585
0.025048106190816096, 0.032664910744693736, -3.2537399075618283
0.019770346340471253, 0.020748386767607756, -3.2488907535824176
0.015565792135261432, 0.008370822190808362, -3.2446569664914415
0.012181752935100928, -0.00443084040940151, -3.2408952913521527
0.009442435774823729, -0.017636829784407566, -3.2374707166839287
0.007207539380696289, -0.031234025118842275, -3.2342601195463376
0.005368688589688194, -0.045216052281756354, -3.2311471334788857
0.005444816427075946, -0.06027503911918037, -3.2264543670294645
0.006698435138967614, -0.0761342600063119, -3.2206822463006084
0.007911416253529865, -0.09229411766014611, -3.2148675854401754
0.00903195879157392, -0.10875080988824654, -3.2089504328676566
0.010012486334570522, -0.12550051213969277, -3.2028781174960868
0.010803365846368426, -0.1425375145954077, -3.1966072028603567
0.011377053280301471, -0.15986182340300176, -3.1900939725828636
0.010868712001137922, -0.17735605776378865, -3.1828988303052466
0.009525880924019067, -0.19505708145730044, -3.175125989114447
0.00837637909948907, -0.2131069919507566, -3.1672703185282254
0.00738420633825276, -0.23150042345192084, -3.1593130764301716
0.006544812147996289, -0.2502388484790347, -3.151240346603716
0.006175798452097144, -0.2696513145773866, -3.1441596920275625
0.02877113282846961, -0.3472769553289835, -3.1247621014669424
-0.007626274902889121, -0.4154203327663076, -3.1270832929593637
-0.03967624747958767, -0.49495169914333775, -3.123443161484652
-0.07287288897602569, -0.5832896316833164, -3.1241577971466024
-0.10500681600361794, -0.681509139355285, -3.12980533444639
-0.15387414515597114, -0.7878549697897157, -3.1311842747322056
-0.19034547417506753, -0.9110386177351276, -3.123541043782799
-0.22193343907459231, -1.0476464818149411, -3.1190685401401472
-0.2677847539093954, -1.1944008841403884, -3.114623553247407
-0.31865952345973536, -1.3538771743182174, -3.112237040443228
-0.3471049319236728, -1.5365190146907126, -3.098799531697245
-0.391131292266392, -1.7313855645022158, -3.084606440739953
-0.4394982011468957, -1.940895797051798, -3.074682859964198
-0.47803831120690643, -2.169803744796965, -3.0666935156948334
-0.5182715399887841, -2.420358700195725, -3.0398897400917333
-0.5600675437753421, -2.686975925710519, -3.0212524374810226
-0.6006946276851851, -2.9709178740489395, -3.0090204529420124
-0.6479901261445775, -3.2744958666425217, -2.9846606935159334
-0.6783052160243639, -3.6027678077637812, -2.954469697187335
-0.7127730848430008, -3.946228253729999, -2.9314629084791495
-0.7608439609075291, -4.303433290768897, -2.907398632024489
-0.8049137416429463, -4.676772251327836, -2.888471023174644
-0.8211328023671638, -5.078141228053001, -2.8524271027763675
-0.8590425895474798, -5.485688459801957, -2.8195345987479703
-0.8951794263580143, -5.903474346152998, -2.7930929670888185
-0.9286583741709314, -6.329436354867195, -2.7726564577761144
-0.9662166344179571, -6.759983114264346, -2.7536904142047387
-1.0047276125900324, -7.195182267957374, -2.729828936391695
-1.028525629455036, -7.637784092771004, -2.69965850807114
-1.0533471156574743, -8.07501020075972, -2.6768516304943217
-1.078307378032215, -8.504020855552387, -2.6602223489800183
-1.109350420818167, -8.920340073471815, -2.646381267850157
-1.1455587222837347, -9.321048293806697, -2.6347347561232977
-1.1812290073301994, -9.704163106239541, -2.627263055863951
-1.216443622528482, -10.066615281571135, -2.6236283911720513
-1.2512393756795324, -10.40556749288069, -2.6234679656854527
-1.285611900683112, -10.718433997041675, -2.6264076818380206
-1.3194729751367915, -11.00291211409911, -2.6320544610790217
-1.3526807236205285, -11.256959690595837, -2.640022049825358
-1.3850406698549556, -11.478775846821026, -2.649944716597806
-1.416281010175706, -11.666789704694278, -2.6614748521826304
-1.4460502541950282, -11.819633996228088, -2.67428293833546
-1.4739952833412524, -11.936059848402309, -2.6881122874882073
-1.4997121179737138, -12.014938936643292, -2.7027474611851288
-1.5227832599112912, -12.055210508209662, -2.7180400842722348
-1.5428107758152414, -12.055837648720539, -2.73393077427232
-1.5594095998984803, -12.015799093995675, -2.750448251131364
-1.572238850505677, -11.93406677407092, -2.7677337132498128
-1.5810427193001906, -11.809587704572888, -2.7860807374038496
-1.5817953087732013, -11.645217856286912, -2.8045407369148005
-1.582715893103034, -11.452997376447735, -2.822156098863821
-1.5917098476296965, -11.242809247817863, -2.841788701157517
-1.593380178533104, -11.023120107656336, -2.8598422771451393
-1.5775820118838193, -10.80187635348009, -2.868579789899886
-1.5593219433805448, -10.569152508426217, -2.879246097339198
-1.5387804131445146, -10.325646362531145, -2.8920697706421765
-1.5210735941620463, -10.07115360287347, -2.9047946181303255
-1.5109801323735332, -9.805133725753082, -2.91632825413292
-1.4993112752396909, -9.529804277759581, -2.9326214660449157
-1.4873007449189186, -9.245434138164558, -2.954463104204035
-1.477136063492132, -8.951636540209817, -2.983512740628919
-1.4590992351751553, -8.662018873265971, -2.9950569639348354
-1.4345365501989864, -8.371496654029665, -3.003498289154028
-1.407509893763022, -8.07647689193975, -3.017380551633671
-1.3791109470523955, -7.777487312854819, -3.037063078157002
-1.369910893498153, -7.4696378737054845, -3.0584380043552484
-1.3577059478288773, -7.161526786715773, -3.081903934834166
-1.3182728447879422, -6.867356316426807, -3.092867997834025
-1.2854864046691195, -6.571220071148941, -3.1056313793160006
-1.2648363069236181, -6.271672067611025, -3.1214037344094523
-1.2468124392754183, -5.969503564141999, -3.1506296177140602
-1.2083261132781205, -5.683375788441598, -3.1609722529410997
-1.1752924876907052, -5.3999984301645165, -3.1683111091839034
-1.1409094510499367, -5.117945738827263, -3.1868276494935714
-1.1231914225218642, -4.833755515811971, -3.21076034030896
-1.0797915324754679, -4.5692867826473735, -3.2138558832436788
-1.034237924182854, -4.308017307129082, -3.2274199655517086
-1.0176396196071653, -4.04231588761807, -3.2456233284213147
-0.9720780848319431, -3.7951504373256006, -3.2526169134745975
-0.9277588732659291, -3.5542092299919053, -3.259213692622322
-0.9018882481530363, -3.31204684000549, -3.2739270136487044
-0.850567522843683, -3.086018493361212, -3.283086703938181
-0.8139107088996574, -2.86544338564911, -3.281417955930127
-0.7775626051250987, -2.646950711261531, -3.297826870598514
-0.7337315823402689, -2.443015649613992, -3.2943807767586217
-0.687251170039704, -2.245310663487184, -3.296791009281848
-0.6552416259743176, -2.048581556667756, -3.3064673444132358
-0.6030542852763766, -1.8690316836969227, -3.2989012877379436
-0.559013307867556, -1.6911475882072997, -3.302662071205933
-0.5205597919219754, -1.5202287837018913, -3.299398813830731
-0.4644923826297854, -1.3609365822987842, -3.2959208129310316
-0.43835877574380244, -1.1989966372428758, -3.296192469591018
-0.375220573236705, -1.055896617900583, -3.2869811601568943
-0.3422997688686912, -0.9109652805542051, -3.2772437319107603
-0.2902385701115927, -0.7758870431142041, -3.272974608273396
-0.24971252251095677, -0.6468402588020415, -3.2555039811012003
-0.2062220578252184, -0.5203637750328318, -3.2544187796992725
-0.1607961801655794, -0.4053554314492121, -3.2306269699704986
-0.11493593428057837, -0.29188612822335236, -3.2233245030235462
-0.07478160294625948, -0.1855841858924331, -3.201510796401751
-0.024896789808442576, -0.08512909604621363, -3.186331553000365
0.008453364802068476, 0.013748880150041587, -3.167624700242442
0.06068341543300125, 0.10267463129257608, -3.1457523914685632
0.08866368137826407, 0.1940771758341394, -3.1287421860631937
0.14205125447066058, 0.27266708906711484, -3.1008528386175285
0.1764530783269097, 0.35258993615827805, -3.077258637290136
0.21903546531593954, 0.42614708895348036, -3.0512899994931364
0.2591145067551758, 0.4957058570230951, -3.0218442071766742
0.29125185295253864, 0.5644511597650161, -2.996948767920606
0.3359591112782193, 0.6249107431850704, -2.9629942307613186
0.36368022927308596, 0.6867379652256218, -2.933551531036137
0.4073326669659051, 0.7412766833519125, -2.9007283847434358
0.4352246488290289, 0.7946375069563608, -2.8618511663790076
0.47215609898941924, 0.8459853776369219, -2.8346149986018965
0.49905888785206376, 0.8918973379954545, -2.7874578260871594
0.5308997303877213, 0.9377429868298547, -2.755459604235507
0.5556164533151468, 0.9793502222687923, -2.7105544825701084
0.5862071307452598, 1.0182851216368463, -2.6691818269351177
0.6054376974119368, 1.0578785858374637, -2.6319129538892767
0.6323530407288968, 1.0907352439395332, -2.5814225743758374
0.6626095143459519, 1.1236356835191845, -2.5421341725658677
0.6701186893466363, 1.1557142798105762, -2.4928431776149713
0.6970128655897218, 1.1829550164706335, -2.444447187198212
0.7132042805136475, 1.2105481873315442, -2.3985745204716484
0.7217970651281312, 1.2360111987846112, -2.3473974232588715
0.7459408160540463, 1.2581134823557443, -2.2985244775241047
0.7507588987583453, 1.2800827283077403, -2.2458470651767954
0.7568380932988441, 1.300555630520665, -2.1950140186127256
0.7766912533650787, 1.317764327491615, -2.144205767320623
0.775849272145672, 1.3340197214228549, -2.0869729732976534
0.7739675349399613, 1.3504201768610131, -2.036557216708779
0.7877800874965943, 1.36301964795021, -1.9836239634543376
0.7864877801116679, 1.3739731256575793, -1.9251357438912997
0.7810139229796917, 1.3843907275299145, -1.8696039085774707
0.7789127992489266, 1.394691193029969, -1.820578046333681
0.7847067520652939, 1.4016357701766806, -1.7669708815945504
0.7722227543148323, 1.4059309839420016, -1.7056085919794395
0.7645409178084579, 1.410354853605723, -1.6517900066564466
0.7581535825148571, 1.4145196141138827, -1.6030262489772413
0.7549402456323223, 1.4173360933933168, -1.5555936678760687
0.7388885869866685, 1.415378189716316, -1.4963260571469124
0.7268347190603434, 1.413355349063564, -1.4433481961398205
0.7165120492324165, 1.4108974248689625, -1.3948864281787907
0.7068653643083113, 1.4077817872201999, -1.3500176208829107
0.6974237761306269, 1.4038683265084388, -1.3082351602839868
0.6807710276603965, 1.397701401777877, -1.2651582734368079
0.6647666058525704, 1.3888034665792242, -1.219467933871843
0.6519084706690824, 1.379429562365617, -1.1780850163554162
0.6404774348638256, 1.3694768550508827, -1.140620027828376
0.6299951434308326, 1.3590839761003948, -1.1067077227989917
0.6201766756186444, 1.348067856047614, -1.0755922646131113
0.61095878238452, 1.3360700226572448, -1.046598620791905
0.6023418354187546, 1.3231213265837458, -1.019644980125456
0.5943180905690593, 1.3092638681633937, -0.9946776415456007
0.5869055280894733, 1.2945561425622831, -0.9716801928771057
0.5801354782324136, 1.2790670338061887, -0.9506566085383459
0.5740574605142067, 1.2628787339936454, -0.9316391229536591
0.5687231161713587, 1.2460810308327865, -0.9146753946391251
0.5641859203183849, 1.228767808249341, -0.8998202991033668
0.5605248053904333, 1.2110427353835604, -0.8871495476199727
0.5577956561285002, 1.19300766198434, -0.8767390090093519
0.5560984895228265, 1.174773649298074, -0.8686846043382344
0.5555440583542659, 1.1564555838137505, -0.8630971173912723
0.5562551158661033, 1.1381702920048893, -0.8601002985232076
0.5623149906963082, 1.1198437459054915, -0.8582697230051428
0.5708170531739952, 1.1019358473676286, -0.8595560269554638
0.5821293462413838, 1.0847259535024392, -0.8646166288639479
0.5961727971133794, 1.068227080296986, -0.873483740111263
0.6011996659934153, 1.0490830378923623, -0.8785576204542787
0.6075383052431227, 1.0303346189558196, -0.8864391453615137
0.61540458455986, 1.0120832084501357, -0.8973114649015816
0.6279462525310368, 0.9942519901984378, -0.9101905990139763
0.6468244431521663, 0.9771076693657609, -0.9256734546770187
0.6701689467870368, 0.9613446487781698, -0.9466721767507962
0.6904729841750863, 0.9449836923249983, -0.9683067108910688
0.7027476879554007, 0.9268465681659364, -0.9870705861070868
0.717040829748428, 0.9094058536512447, -1.0093078322065676
0.742276355004906, 0.8921756937519992, -1.03240297041145
0.77273280203095, 0.876405639736681, -1.0621609967569057
0.8002769007230324, 0.860253693477776, -1.0931892375347556
0.8165212972061098, 0.8421597623295585, -1.1196017406866243
0.8394463655741164, 0.8243365093002313, -1.1483639882165955
0.8728132085158281, 0.8069976141177398, -1.1811587972009117
0.9116048719490649, 0.7906792515573501, -1.2212873816217535
0.9292920156593119, 0.7716431959287579, -1.2511507384419749
0.9530013914834476, 0.7527876234395059, -1.2841088081737282
0.9906940462523246, 0.7336764407426344, -1.3208847574530391
1.03037368435195, 0.7149464877118046, -1.3634425249959568
1.0488424898017108, 0.6947809283143638, -1.3962625086267928
1.0769973496462788, 0.67410711226728, -1.431872382696538
1.121380895912772, 0.6528074780690439, -1.4744618537795093
1.1503198258499476, 0.6312970526448768, -1.5125133944750955
1.1694958113332625, 0.609960548928674, -1.5482727498958593
1.207414309198472, 0.5863285061874703, -1.5862233554384473
1.2500279703432526, 0.5623404353564367, -1.6300160736716345
1.266436969943137, 0.5395913835507897, -1.6629015829553715
1.293152456762385, 0.5156953982317727, -1.7000183364072934
1.3448437572730476, 0.4882973982206777, -1.7453503334867881
1.358358914600454, 0.464520789333967, -1.7749128213108563
1.3760605925758074, 0.44084823478236024, -1.811075544316481
1.4226085185652728, 0.41149217194536686, -1.8507862357631062
1.4429741646145207, 0.38579807346645595, -1.8818803991314286
1.4574422116175365, 0.3614654594651561, -1.9145599678716274
1.4930193510425294, 0.33256923335851196, -1.9513867065489547
1.5188206841591436, 0.3047856534888722, -1.9822834207236784
1.5300521398584763, 0.28023654859415403, -2.0112395209443363
1.5544630259773329, 0.25290349518638283, -2.0460425668121416
1.5850692274655487, 0.2229428374302737, -2.0753851276654647
1.5930766103510794, 0.19859022701862056, -2.1003753961492726
1.6074437911236268, 0.17335625762730836, -2.1333093917239894
1.6414599434439276, 0.14165011705175648, -2.161155102984061
1.6462587022049437, 0.11786178100309765, -2.1818869084172654
1.6564998548962622, 0.09330097371464985, -2.210266842523814
1.6880723178472383, 0.062139377072086936, -2.240178968043117
1.6897578079919566, 0.039205405177674776, -2.2562699094421244
1.6957488577473891, 0.0157417940531198, -2.279758699076577
1.7140101380315627, -0.011092545793940945, -2.3098268395176302
1.7240576496413729, -0.036444478680668496, -2.324586163700569
1.7258432496091383, -0.058495977682974015, -2.34280650975161
1.7335595287718302, -0.08179156468954366, -2.3682579965939237
1.7498146040112956, -0.1083407943370839, -2.388559323934626
1.747749514738537, -0.128836574666679, -2.4009958113733263
1.7494308421859428, -0.14989114621435964, -2.4200566011158413
1.757965587286388, -0.17266353876356946, -2.4459548980040893
1.7624528562808375, -0.19482494425946198, -2.4566638558666907
1.7590722966357373, -0.21370163368111117, -2.469073343221811
1.7593741874314992, -0.23321130141292612, -2.4872754374662813
1.7660372580084458, -0.2543687570926668, -2.5114034466054402
1.7636095019634284, -0.2729548967558776, -2.5184399167869804
1.7579975388023166, -0.2897610434201031, -2.5291241161294793
1.755136107315409, -0.30690688730103194, -2.544664178668767
1.7567265206347735, -0.3250475263991662, -2.564807390438176
1.7540978135867697, -0.3417657947700375, -2.5757557042771015
1.7455849144367934, -0.35607020939712664, -2.583061911716956
1.7384256931392938, -0.37019349229616383, -2.5944601002705934
1.7334985529046, -0.38448455784240787, -2.6092834584108027
1.7317743054741428, -0.3993055296697556, -2.627265522164712
1.7241164142425391, -0.41192363386569614, -2.6357862780483554
1.7130923254667763, -0.42288499239206295, -2.641851558432441
1.7025757500343888, -0.433318189066885, -2.6508121851560578
1.6929159926534318, -0.44335871469629884, -2.6619996794960605
1.684361910286385, -0.45308921686730425, -2.674972689322167
1.6771243488299834, -0.4625697237303215, -2.689419943097464
1.6684895305931493, -0.47104409156129745, -2.7001353166759294
1.654684921266977, -0.47723642552466417, -2.7046835620280616
1.6406751996260112, -0.48252304234966487, -2.710942925491353
1.6265621808970523, -0.4869303546357761, -2.718379334267195
1.6123706688587296, -0.49044681548777647, -2.726603743034131
1.5980479117502375, -0.49302731617555035, -2.735309937878069
1.5836556679759515, -0.4942742058368044, -2.744389964211737
1.5687513045799282, -0.49389077440010976, -2.7538286752649337
1.5528009258864006, -0.49194101326158707, -2.7635337198522327
1.5357760829586862, -0.4883750829004931, -2.7734011053418492
1.517643506403234, -0.48314222432473997, -2.783347463147237
1.4983965392562413, -0.4762025343040957, -2.793304366801593
1.4780017847680715, -0.46750870519139887, -2.803226394283899
1.4564929030925702, -0.4570393167007151, -2.813075920013552
1.433894546190149, -0.4447723333018786, -2.8228350581882005
1.4102567594300681, -0.4306974975060354, -2.832496742376585
1.3856208368066334, -0.414804744655632, -2.842069651629351
1.3600509387589839, -0.3970952107830263, -2.8515721181471605
1.3336312727134467, -0.37758025856957494, -2.861030978543074
1.3064282264807046, -0.3562691120795194, -2.8704835824135344
1.2785144953421623, -0.3331771419455098, -2.8799737010358877
1.2499639332749268, -0.30832434083327975, -2.889550572167198
1.2208310776540827, -0.28172893825834944, -2.899270085832442
1.1911761938386058, -0.2534157124173512, -2.9091911120951526
1.161046204674888, -0.2234099766940448, -2.9193771998662807
1.1304789395807304, -0.19173905527237856, -2.9298959136883362
1.0994938549147595, -0.15842933385605, -2.940820480421825
1.0681134194579034, -0.1235128612767587, -2.9522275992378626
1.0363334439239384, -0.08701773352250572, -2.9642022261802667
1.0041351578044346, -0.04897132063292842, -2.9768382914139755
0.9714911936054101, -0.009401413503036051, -2.990239428615048
0.9383421022952486, 0.03167260599490069, -3.0045276204794087
0.9046023912158426, 0.07423980505037335, -3.0198477004965447
0.8701506516427632, 0.1183040673774505, -3.036378956137387
0.8347874295680155, 0.1639029514287601, -3.0543593057530156
0.7978377038639215, 0.21106971945303354, -3.073214568465943
0.760615067334671, 0.25789401490782227, -3.0852930356244843
0.7232533929991622, 0.30562900635298756, -3.0984993726436127
0.6855816895168039, 0.3542609884806179, -3.112939224316618
0.6474029707689999, 0.4037908209546665, -3.1287496928150738
0.6084719095123787, 0.45424680231474285, -3.1461134945449265
0.5684390814562525, 0.5057128005191752, -3.1652888731627318
0.5268069497357251, 0.5583611079544921, -3.1866583020001515
0.48495694778944864, 0.6113790927942856, -3.208878243671469
0.4491172406245296, 0.661261990000017, -3.2263199703007768
0.4125028021788262, 0.7114499878555426, -3.2451181822075
0.3748737854708717, 0.7619695444542107, -3.265457481707612
0.3359032329262297, 0.812906627864734, -3.287588487988165
0.2872096616812192, 0.8660397693908581, -3.3083575597617676
0.23472936605040284, 0.9207333457198723, -3.3322801110174702
0.1927452002811363, 0.9693625998848326, -3.350619586371262
0.15116419030914074, 1.0169673858612693, -3.369555073490827
0.10790785572646856, 1.06457503226945, -3.390346363697805
0.062278114203504716, 1.1125168577131685, -3.4133707501397312
0.0131767391651263, 1.1614038716232147, -3.439244234140657
-0.033450343043459396, 1.2073844859292895, -3.4634445026244762
-0.07447955740985734, 1.2477971785322484, -3.4825180914530547
-0.11764315200799147, 1.2875034695878156, -3.501930533892426
-0.16437064354264908, 1.3275072270679729, -3.522692049573837
-0.22229175502966192, 1.3700285507928625, -3.5419488997329687
-0.2747194710587666, 1.407876134913316, -3.5589236668208186
-0.3205069672013672, 1.4400744882355643, -3.5729772367429202
-0.36897669621005247, 1.472268294283989, -3.5882748221218925
-0.42111739143762006, 1.5051172366976646, -3.60504307350562
-0.47858097455306653, 1.5397507437126907, -3.623727002150218
-0.5254622553603894, 1.5653204513295838, -3.636347287776689
-0.5714594572722744, 1.5883975810058943, -3.6479920359951454
-0.620421584580001, 1.6116449439215692, -3.660355800783953
-0.6733066047889645, 1.6357775826275016, -3.6736207861331485
-0.7309319170819336, 1.6614104947626895, -3.6877663187671894
-0.7747932632407423, 1.6751365961082492, -3.6944895112497447
-0.8209501430771978, 1.688727598898437, -3.701433396409737
-0.8699764140879708, 1.7026652841850602, -3.7086449650986957
-0.9227100327667571, 1.717632218360791, -3.7162045293707187
-0.9777511841428567, 1.7326240467671714, -3.723207721893357
-1.0206240060530911, 1.7369018629818362, -3.724362375845831
-1.0654056371229674, 1.7412213257522704, -3.72541772009391
-1.1124882250500372, 1.7459775735815206, -3.726351488791432
-1.1623873787643182, 1.7516658131834884, -3.727140231664671
-1.2158806964642679, 1.7589769084307638, -3.7277619404854088
-1.256233595179216, 1.7553789059626137, -3.723383790524709
-1.2970403484879776, 1.751482418041765, -3.71857577982853
-1.339029457605094, 1.7479968404963646, -3.7134867606829407
-1.3823032711180152, 1.7451646371857334, -3.7080737223018634
-1.4270069988535719, 1.7432618090408438, -3.70228171771458
-1.4731886907904024, 1.7424991427913945, -3.6960273052269743
-1.5068503875322063, 1.7326871833923418, -3.6871281511541483
-1.5402017436563904, 1.7233241843971725, -3.678319143760562
-1.5730146338905178, 1.7144860781724307, -3.6696867236932773
-1.6049535296333242, 1.706196276505775, -3.661366273164103
-1.6397023763622416, 1.699135074823182, -3.6490236841125876
-1.6755174460786904, 1.6933109213734894, -3.634699346747002
-1.7105336382992509, 1.6885271362113816, -3.620272957941996
-1.7443825714145182, 1.6847715247916895, -3.6058675841262797
-1.7731382912444373, 1.6793535013485508, -3.591319396744712
-1.7968184617303653, 1.6726922054839088, -3.5772309631439687
-1.8183551112026513, 1.6673847900978893, -3.5643711748107947
-1.8372658035375038, 1.663445868354309, -3.5531842889469263
-1.8605808029372424, 1.661675870093363, -3.534053945072797
-1.8819243749589676, 1.6617310347509653, -3.515776465516516
-1.9008277724256515, 1.6636597442551917, -3.498897053855935
-1.916921365343917, 1.6675247613702626, -3.483871510749111
-1.9297563345486872, 1.67337259714999, -3.4712847011258057
-1.9433259970877466, 1.6817054420547959, -3.455541331766506
-1.958030547193999, 1.6928435348488886, -3.436406195880909
-1.9699137043194663, 1.706577403758859, -3.419658734907819
-1.9791028576716103, 1.7233769194147421, -3.4070845998949766
-1.9836887964581131, 1.7446319335795675, -3.399276593214284
-1.989589696747633, 1.7717182928412973, -3.383401811875273
-1.985353259392844, 1.8001185092415746, -3.3697758593227425
-1.9754097284548173, 1.8328486253192509, -3.35900490339206
-1.960633588231343, 1.8698183624171008, -3.3509380748314537
-1.9415780726362022, 1.9105963489876339, -3.3453491099809494
-1.923412055751378, 1.9551560844094564, -3.3355200284149062
-1.90313453357661, 2.002405970699114, -3.3259569384532974
-1.879867131980656, 2.051482912026643, -3.3182131289256214
-1.8539879584553551, 2.1016062349826528, -3.312047380426175
-1.823656809089832, 2.150320337938467, -3.3071329601963804
-1.7849602278126475, 2.193683017784917, -3.3030192649263803
-1.7453818070089366, 2.236148520603844, -3.2997071896802472
-1.7051065696597654, 2.2767238730615427, -3.2969641116372195
-1.664244575423639, 2.314396854949166, -3.2946039735385275
-1.6229081173445856, 2.3481929064180385, -3.292465521270578
-1.5811599886248044, 2.3771624540311467, -3.2904332404644494
-1.5296494251759698, 2.3941748451950704, -3.288104104905019
-1.4792544913316024, 2.40553154812701, -3.2852072461212205
-1.429394502633585, 2.4104363420402675, -3.2825051589155545
-1.3801061021278438, 2.408095251015324, -3.279759104423606
-1.3315078713391646, 2.397820112953905, -3.2766767587629637
-1.2828410495980105, 2.3787966342419433, -3.273553010656408
-1.2260474140566295, 2.3458206014565266, -3.2698228795485482
-1.1710296000633362, 2.3046319416373398, -3.26600982668472
-1.117415890218639, 2.254840570050051, -3.2622804240173333
-1.0649555343141863, 2.1962395009769295, -3.2587927563123493
-1.0134983813541008, 2.12878022437968, -3.255695236834085
-0.9629409541337036, 2.052536469121888, -3.2531330611167055
-0.9055175894957073, 1.9633634026710949, -3.2499689353653256
-0.8500856311138176, 1.8664669945415264, -3.247356358363288
-0.7966170879151516, 1.7621731072809208, -3.24551429447593
-0.7449215545353477, 1.6507803294862453, -3.244617284153062
-0.6948993738327431, 1.5326830449021915, -3.2448269605945237
-0.6464841178016971, 1.408342234180418, -3.246311181339539
-0.5930963206773309, 1.2746678536579261, -3.247415301512493
-0.5415690306100168, 1.1358403535077681, -3.2497395753825318
-0.4926430120080573, 0.992832088364419, -3.253728551560476
-0.44612374682843114, 0.8461167187485455, -3.2595704943245116
-0.4018778082190249, 0.6962009028791485, -3.267448222868257
-0.35808557054186274, 0.5426334002103274, -3.2768797915631493
-0.31070196105389297, 0.3835413051200918, -3.2861148668287767
-0.2666422424634105, 0.22325278115779199, -3.2977795969372865
-0.22556505834849566, 0.0620871148944101, -3.3119848727939116
-0.18724721059205782, -0.09962255136239713, -3.32881395075799
-0.14753783347408814, -0.2640200876046231, -3.346169958654488
-0.10560819248053806, -0.43157837272561983, -3.3629405414407447
-0.06744773029540685, -0.5984196650701576, -3.382168673439697
-0.007042588039142265, -0.6829608968496748, -3.4021097275592265
-0.009941246658182305, -0.805192201768685, -3.435321318976945
-0.015043979575927183, -0.9305074875982731, -3.4678025592271897
-0.017523578629758955, -1.0629841503133386, -3.4993412481161332
-0.019364590332339397, -1.2046157471461745, -3.5247349137650934
-0.027365266702569006, -1.349835538562098, -3.5513366785405434
-0.023108214557304944, -1.5127837751688646, -3.560013632181926
-0.03114035701330176, -1.6772262591846017, -3.5697733579929776
-0.031133490184489968, -1.8570548616472748, -3.5603222109821546
-0.032946892369485344, -2.046051612619654, -3.537427651172718
-0.03780073915437488, -2.2410836168933943, -3.5069059497849633
-0.035347738996656115, -2.4517649110741093, -3.4435634761251954
-0.03153729715790377, -2.6699148995177837, -3.361794821077261
-0.038333249988284475, -2.888349452674627, -3.283806026775689
-0.029712080473590422, -3.1218025305471753, -3.1576020731539858
-0.030143300909126317, -3.356590852764666, -3.0338785217403226
-0.024777792064699437, -3.598402872130374, -2.889597468022922
-0.02680955475583469, -3.8448339691011193, -2.7507328253919603
-0.016997135812517165, -4.101019803690258, -2.5779575041884595
-0.018510287304113863, -4.363524792578934, -2.4304977354765382
-0.013437852688491961, -4.636778852178474, -2.2648105454084204
-0.004523895436407969, -4.9208551465257955, -2.091999300905613
-0.0064205448088054985, -5.217015520449111, -1.9496198724560905
1.5878411877512003E-4, -5.525986198016056, -1.7888667689099815
0.0029497007784273738, -5.848280872947397, -1.6474662715175783
0.011962239496152712, -6.183430668745338, -1.4947732525673865
0.011932918574152126, -6.531971595426404, -1.3734026800334243
0.014343226411861473, -6.892309810990106, -1.2542776991803701
0.018697855719731923, -7.263233027956348, -1.13875541203515
0.0179637999008162, -7.643617919322907, -1.0480782158740154
0.024033519280624468, -8.03109046905854, -0.9474298436442429
0.026875799829454202, -8.424044842686254, -0.8658927644079558
0.025933107254163975, -8.82019778861382, -0.8050318975366783
0.030201823062785623, -9.217327395863538, -0.7392235468188328
0.03319237717602896, -9.613151023996759, -0.6864084376975568
0.03313978459875288, -10.005305322286867, -0.6512458766238842
0.031192436105121454, -10.391600262212876, -0.6300874318559396
0.03583121182575443, -10.770793758458433, -0.5993575855506528
0.0380040939649473, -11.140318327436574, -0.5830008472599816
0.038328928086434504, -11.498509968759928, -0.578697626763148
0.03743030238051336, -11.843935520993226, -0.5840436957880941
0.0373305850717549, -12.175630797696929, -0.593022997005622
0.040736058791051015, -12.493044365606375, -0.5977419524259167
0.04047447480595245, -12.794150022302462, -0.6144253581513024
0.03926576988916696, -13.078585543171807, -0.6369972453419666
0.03737129649439152, -13.345824149581597, -0.6640810536065685
0.03495690211212032, -13.59546080225003, -0.6945739631065418
0.032106487703705826, -13.827189047098676, -0.7276045339300572
0.033768099054024774, -14.041928999644998, -0.7510380079773781
0.03447741268622972, -14.238281731755817, -0.7771760848091295
0.03423982457280594, -14.416116667143216, -0.8054800777026951
0.033651322978282876, -14.571886495241946, -0.8343499318393393
0.03277325775475325, -14.711307064292107, -0.8633394307747593
0.03116126109163719, -14.843481345035311, -0.8930368616016531
0.030372497897306335, -14.969761497821153, -0.9199824426297546
0.03336192959140715, -15.091776255222085, -0.9381547148642897
0.035089262383173773, -15.209021186433306, -0.9580100865583188
0.03555805089809571, -15.322256270735902, -0.9793346940132729
0.03242284668116801, -15.431767586224387, -1.004640305501978
0.030854694695630288, -15.539377278414557, -1.0258154574712224
0.032778699291926554, -15.646113624636484, -1.0396238373166415
0.033101391349326985, -15.751105250418362, -1.0556481239136453
0.03210250335829356, -15.854827187595797, -1.0733912763931654
0.0325175772086339, -15.95827136090159, -1.0883779204162272
0.03422996009770162, -16.061736161883633, -1.09905097881524
0.03327921456901727, -16.164089364671728, -1.1133324582259443
0.030899008039932504, -16.265426287680835, -1.1297511682069037
0.03193961838079872, -16.366586473975573, -1.1410630669031054
0.03420120866718789, -16.46631130605267, -1.150755263874895
0.034190053812997105, -16.562853927611645, -1.1640332747783564
0.03241802385223579, -16.655226038320453, -1.1799850117083617
0.03483889604139078, -16.743540770419536, -1.189634421176394
0.03502844088316847, -16.82435293104901, -1.2029990203074996
0.03359617003545411, -16.89594612905642, -1.2192146102239214
0.03262138385913826, -16.956811548465325, -1.2355996723649798
0.03503505011259977, -17.005552320672315, -1.2484543572691988
0.03574449814089541, -17.038976299360005, -1.2641619676526463
0.03543754376056584, -17.05553184349147, -1.281821936130714
0.0330510234471637, -17.053729998084254, -1.301487280462741
0.032924794663393035, -17.033528456981845, -1.3186843464449347
0.03355691755072198, -16.994113739136395, -1.335268784472807
0.03396352695968829, -16.935427676376584, -1.3523133536423153
0.03468011205418175, -16.858322058675142, -1.3691977699583355
0.03266300226679419, -16.763616489313133, -1.3869200144033522
0.031166425177846065, -16.653365564397397, -1.4036431820916104
0.031029267041430716, -16.52969179574331, -1.4188605281118523
0.029093265938419984, -16.39437726288718, -1.4336509566342222
0.02753074694942392, -16.249882418824665, -1.4469819415434588
0.02781956526522333, -16.098727456473117, -1.4582874138775566
0.02496359439080575, -15.942487661436704, -1.4693034595509307
0.024060430108767013, -15.783787639527086, -1.4781927987715886
0.02285727237635093, -15.624337112568215, -1.4858103068676338
0.02045630787953767, -15.465634252950757, -1.4924720932406328
0.020003786785885765, -15.309583949833874, -1.4971505186943834
0.016478681480638354, -15.156925196256648, -1.5017070146610778
0.014034196084865998, -15.009158257175363, -1.5046884849835265
0.011854980189266447, -14.86720739027971, -1.5064855922403328
0.008050364581133614, -14.731666323835286, -1.5071851519088224
0.007574980828622287, -14.603794469376302, -1.504762582292732
0.006680626516788243, -14.483645888809914, -1.5014900486007083
0.0038678524517157214, -14.37145590826714, -1.497835677836168
0.0029760094602548875, -14.266650046721358, -1.493292966311055
0.0038069249662973054, -14.16601851794333, -1.4882905151284556
0.0011560281387434886, -14.066445054095928, -1.4842754877217255
-7.894433613902E-4, -13.968279848914003, -1.4798850820089593
-6.4096463230268E-4, -13.87179065226058, -1.473978478897418
5.685336399188186E-4, -13.776915729331412, -1.4667424062941703
-5.6834118052243984E-5, -13.68319105787297, -1.459833598572886
-1.3008412093510732E-5, -13.590769075633498, -1.4526673876662946
6.004297758017659E-4, -13.499620725730454, -1.4452585842086054
7.583333697151991E-4, -13.409625707968464, -1.4379010165880237
-0.001422862923524452, -13.320521616687605, -1.4311753819984792
-0.002987534780766858, -13.232485313031747, -1.4242080777156194
-0.0039030875579304553, -13.145492491020393, -1.416913445809186
-0.0020400891770200364, -13.059859995416348, -1.4075219874845941
-0.002347370261133412, -12.974946240960888, -1.3985189608526483
-0.0026152268789720917, -12.890793560300747, -1.389480815820247
-0.0024893190222490297, -12.807374421789175, -1.3803227422983422
-0.0020279085433143646, -12.724629986556872, -1.3710444337151484
-0.0012811492083635338, -12.642497416037015, -1.3616473942692033
-0.0023047661960013993, -12.560758986468997, -1.3526784652799344
-0.003912118315411831, -12.479397038285699, -1.3438330133366783
-0.005126975655964875, -12.398426276481452, -1.334835995030633
-0.005997879035063217, -12.317789942009485, -1.3256870826018814
-0.006014564379906332, -12.237513858161263, -1.3159654145344428
-0.0047766089503877875, -12.157606394639492, -1.3053422848817564
-0.004421947107118299, -12.077778333771683, -1.2948411403705544
-0.004853238428930599, -11.997953166465136, -1.2844520658875809
-0.005076626654811903, -11.918123177711506, -1.2740136444660606
-0.0051248115889290825, -11.838232515290832, -1.2635242916944232
-0.005027965200333332, -11.75822438522282, -1.252984630801071
-0.0048122178612763945, -11.678041755104745, -1.2423959438213756
-0.004500940889663022, -11.597627574102372, -1.231760317644941
-0.004115302262964752, -11.51692496893858, -1.2210805118919734
-0.0036746744710884943, -11.435877366049406, -1.210359861442847
-0.003510534050135576, -11.354411680311948, -1.1996654736507895
-0.004256674385232809, -11.272434017869303, -1.1891208078009812
-0.0048404314749270795, -11.189946872823922, -1.1785088541271107
-0.005286316394683469, -11.106897719174567, -1.1678351687796233
-0.005619012407076077, -11.023233427751242, -1.1571071451479495
-0.005859727872844948, -10.938900807225158, -1.1463317181510158
-0.006029170157260125, -10.8538463469578, -1.135516757961644
-0.006146228412539759, -10.768016390809057, -1.1246701939112342
-0.0062314476133629206, -10.681356757174099, -1.1138016787003464
-0.006301264538254307, -10.593813327237703, -1.1029194967287164
-0.006374817703118433, -10.505331258704684, -1.0920339963771135
-0.006468000724686899, -10.41585554475459, -1.0811544725929225
-0.006596924469571167, -10.325330553056277, -1.0702908965531774
-0.006778391077418403, -10.233699872138223, -1.0594541119998544
-0.007024472169479882, -10.140906747728016, -1.0486530830050733
-0.007350694357395996, -10.046893101429271, -1.0378990157035763
-0.007765739923639495, -9.945416297752066, -1.0265643184327882
-0.00832250315833494, -9.833485266271664, -1.014635841782272
-0.009091449622424811, -9.713740661434548, -1.0026801150809672
-0.008757525318447982, -9.586489527856921, -0.9898886125415306
-0.007064008895948163, -9.451882160385198, -0.9761188959886675
-0.005608818016397569, -9.309839278845212, -0.9623944869287595
-0.005189616614494689, -9.160443205396241, -0.9488634623932232
-0.006393321697467872, -9.00380713163076, -0.9355622809542202
-0.00801378844497425, -8.84009596844219, -0.922350953869457
-0.008954254787371333, -8.669549263143722, -0.9085764725030263
-0.007191892343406895, -8.492488090261274, -0.8930105424916372
-0.006212488519596885, -8.308573391537289, -0.8778116542277412
-0.005992608292878069, -8.117915796750014, -0.8629830813232233
-0.008033844392742354, -7.920622767101312, -0.8483733099251547
-0.006715422714355993, -7.717370096587906, -0.8312856113370131
-0.006506731870834951, -7.5076854665987485, -0.8146866395404957
-0.007320179773782746, -7.291738286978681, -0.7985235222913367
-0.006358522763809885, -7.0700109853083895, -0.7812957945917542
-0.0044581361689572975, -6.842643183472155, -0.7629896334555933
-0.005756789763873952, -6.609546782858422, -0.7452909616369492
-0.006874654628840297, -6.37126740233189, -0.7273096323864177
-0.0051253145293266335, -6.128437090075082, -0.7075527489920614
-0.005097412362297552, -5.881022875594531, -0.6883773283964844
-0.005646910309160983, -5.629696793981344, -0.6692156341880047
-0.0030459821024464468, -5.375431790487106, -0.648241639572858
-0.0025389133883897447, -5.11849254704109, -0.6278267469696972
-0.0030806660957492, -4.859851625444369, -0.6075266841284171
-5.446932663677499E-4, -4.600798288823378, -0.5855869004319327
-5.783469921794388E-5, -4.342006423998968, -0.5640949559472946
-0.0010169815157892207, -4.084708745436345, -0.54288002461614
4.953759330863468E-4, -3.8303918520074025, -0.5205661001435363
0.001450416076109958, -3.5801364678959766, -0.4982913246718782
0.001508838342913151, -3.335224908446596, -0.47633258410830825
0.001204001933823525, -3.096958656070171, -0.4546701898686488
0.0032854281967240567, -2.866642195001384, -0.43257059001379683
0.005925916811763795, -2.6452848654852397, -0.4107677593061376
0.005923370884263198, -2.4339711623215057, -0.3892507376111436
0.006167779125779479, -2.233454808053089, -0.36821409368812075
0.007407727610209799, -2.044341127095304, -0.34782688611511303
0.007906213533285907, -1.867200797296144, -0.3279723405811381
0.007672186075108996, -1.7023465364704917, -0.30860575171627036
0.009129741599630977, -1.5496833985814396, -0.29014762130060057
0.009271331144449665, -1.4094036531888128, -0.2723223563372974
0.0097361534087077, -1.2811783238357208, -0.2553130619644808
0.012038476819231422, -1.1644970948240265, -0.23946662173191213
0.011355626990631192, -1.0594927710059292, -0.22422975898021247
0.012646343080021213, -0.9651186611071993, -0.2102201843968332
0.013833407634441294, -0.8810680405870299, -0.19734169469932428
0.013656372905374688, -0.8069835633805502, -0.18540760076695229
0.015086731445749454, -0.7418932570182146, -0.17479319255672165
0.015118250238083105, -0.6854930227820557, -0.16526065480548957
0.014391138145822598, -0.6347537513488273, -0.15633022529172536
0.015024195391954983, -0.5867790644969741, -0.1478095437717586
0.01406668684278833, -0.5418759536196569, -0.13951441626507455
0.0145300395556982, -0.49952275193584467, -0.13123013408830864
0.016143978532050737, -0.45951389613482146, -0.1233689026814182
0.016804591508289942, -0.4220713561578104, -0.11580622589929779
0.01611807124699993, -0.38718057432047875, -0.10841351381534836
0.01663515709519636, -0.3542607631981755, -0.10138415331622741
0.01650521771971691, -0.3235198254613995, -0.09466329432542353
0.015377387206064515, -0.294988813123268, -0.08798874307814497
0.016832726124757166, -0.2678623195969478, -0.08157593396661711
0.018699932040544317, -0.24238869616250786, -0.07553495496561347
0.017504626723494395, -0.21920398824337423, -0.069638505363526
0.017375823284065724, -0.19740198363985212, -0.06402547950251747
0.018232045059658027, -0.17688888269067576, -0.05873272905087901
0.016897185369764808, -0.15829182980354312, -0.05354628365059422
0.0176230395680228, -0.14064487569891487, -0.048527102663706856
0.019152897684022948, -0.12407688182414106, -0.043820326172820945
0.019392916203141427, -0.108973259040886, -0.039409448731991814
0.017970966376342764, -0.09540329033117584, -0.03517570837424899
0.017451624174454002, -0.08272838454299486, -0.031152198642165452
0.019735944999269558, -0.07045250788651075, -0.027289707139107167
0.01911973718386095, -0.05980817578966286, -0.023665067012629715
0.01922784944487432, -0.04991546872878833, -0.020244661095679684
0.020014949829262104, -0.04071692031406888, -0.01705322933820974
0.019650945168542485, -0.03259194719734788, -0.014134878244656202
0.01808874521566217, -0.025560595457590103, -0.011368573119994174
0.019316146719829282, -0.018606985262801863, -0.008675853603755002
0.02105357434955257, -0.012189566199001418, -0.0062154006414958385
0.020605707329164554, -0.006932337441628084, -0.004070727842270694
0.019806156254005277, -0.002393056235077302, -0.0020853362321049396
0.01958275782403773, 0.0017009712447369422, -2.3901226226152872E-4
0.02069030911228009, 0.005583456582626761, 0.00149169280637107
-4.444619170523488E-15, 2.0475348990966697E-15, 0.0
-4.444619170523488E-15, 2.0475348990966697E-15, 0.0
-4.444619170523488E-15, 2.0475348990966697E-15, 0.0
-4.444619170523488E-15, 2.0475348990966697E-15, 0.0
-4.444619170523488E-15, 2.0475348990966697E-15, 0.0
-4.444619170523488E-15, 2.0475348990966697E-15, 0.0
-4.444619170523488E-15, 2.0475348990966697E-15, 0.0
-4.444619170523488E-15, 2.0475348990966697E-15, 0.0
-4.444619170523488E-15, 2.0475348990966697E-15, 0.0
-4.444619170523488E-15, 2.0475348990966697E-15, 0.0
-4.444619170523488E-15, 2.0475348990966697E-15, 0.0
-4.444619170523488E-15, 2.0475348990966697E-15, 0.0
-4.444619170523488E-15, 2.0475348990966697E-15, 0.0
-4.444619170523488E-15, 2.0475348990966697E-15, 0.0
-4.444619170523488E-15, 2.0475348990966697E-15, 0.0
-4.444619170523488E-15, 2.0475348990966697E-15, 0.0
-4.444619170523488E-15, 2.0475348990966697E-15, 0.0
-4.444619170523488E-15, 2.0475348990966697E-15, 0.0
-4.444619170523488E-15, 2.0475348990966697E-15, 0.0
-4.444619170523488E-15, 2.0475348990966697E-15, 0.0
-4.444619170523488E-15, 2.0475348990966697E-15, 0.0
-4.444619170523488E-15, 2.0475348990966697E-15, 0.0
-4.444619170523488E-15, 2.0475348990966697E-15, 0.0
-4.444619170523488E-15, 2.0475348990966697E-15, 0.0
-4.444619170523488E-15, 2.0475348990966697E-15, 0.0
-4.444619170523488E-15, 2.0475348990966697E-15, 0.0
-4.444619170523488E-15, 2.0475348990966697E-15, 0.0
-4.444619170523488E-15, 2.0475348990966697E-15, 0.0
-4.444619170523488E-15, 2.0475348990966697E-15, 0.0
-4.444619170523488E-15, 2.0475348990966697E-15, 0.0
-4.444619170523488E-15, 2.0475348990966697E-15, 0.0
-4.444619170523488E-15, 2.0475348990966697E-15, 0.0
-4.444619170523488E-15, 2.0475348990966697E-15, 0.0
-4.444619170523488E-15, 2.0475348990966697E-15, 0.0
-4.444619170523488E-15, 2.0475348990966697E-15, 0.0
-4.444619170523488E-15, 2.0475348990966697E-15, 0.0
-4.444619170523488E-15, 2.0475348990966697E-15, 0.0
-4.444619170523488E-15, 2.0475348990966697E-15, 0.0
-4.444619170523488E-15, 2.0475348990966697E-15, 0.0
-4.444619170523488E-15, 2.0475348990966697E-15, 0.0
-4.444619170523488E-15, 2.0475348990966697E-15, 0.0
-4.444619170523488E-15, 2.0475348990966697E-15, 0.0
-4.444619170523488E-15, 2.0475348990966697E-15, 0.0
-4.444619170523488E-15, 2.0475348990966697E-15, 0.0
-4.444619170523488E-15, 2.0475348990966697E-15, 0.0
-4.444619170523488E-15, 2.0475348990966697E-15, 0.0
-4.444619170523488E-15, 2.0475348990966697E-15, 0.0
-4.444619170523488E-15, 2.0475348990966697E-15, 0.0
-4.444619170523488E-15, 2.0475348990966697E-15, 0.0
-4.444619170523488E-15, 2.0475348990966697E-15, 0.0
-4.444619170523488E-15, 2.0475348990966697E-15, 0.0
-4.444619170523488E-15, 2.0475348990966697E-15, 0.0
-4.444619170523488E-15, 2.0475348990966697E-15, 0.0
-4.444619170523488E-15, 2.0475348990966697E-15, 0.0
-4.444619170523488E-15, 2.0475348990966697E-15, 0.0
-4.444619170523488E-15, 2.0475348990966697E-15, 0.0
-4.444619170523488E-15, 2.0475348990966697E-15, 0.0
-4.444619170523488E-15, 2.0475348990966697E-15, 0.0
-4.444619170523488E-15, 2.0475348990966697E-15, 0.0
-4.444619170523488E-15, 2.0475348990966697E-15, 0.0
-4.444619170523488E-15, 2.0475348990966697E-15, 0.0
-4.444619170523488E-15, 2.0475348990966697E-15, 0.0
-4.444619170523488E-15, 2.0475348990966697E-15, 0.0
-4.444619170523488E-15, 2.0475348990966697E-15, 0.0
-4.444619170523488E-15, 2.0475348990966697E-15, 0.0
-4.444619170523488E-15, 2.0475348990966697E-15, 0.0
