 0.0, 0.0, -14.460645136491715
 0.0, 0.0, -14.460645136491715
 0.0, 0.0, -14.460645136491715
 0.0, 0.0, -14.460645136491715
 0.0, 0.0, -14.460645136491715
 0.0, 0.0, -14.460645136491715
 0.0, 0.0, -14.460645136491715
 0.0, 0.0, -14.460645136491715
 0.0, 0.0, -14.460645136491715
 0.0, 0.0, -14.460645136491715
 0.0, 0.0, -14.460645136491715
 0.0, 0.0, -14.460645136491715
 0.0, 0.0, -14.460645136491715
 0.0, 0.0, -14.460645136491715
 0.0, 0.0, -14.460645136491715
 0.0, 0.0, -14.460645136491715
 0.0, 0.0, -14.460645136491715
 0.0, 0.0, -14.460645136491715
 0.0, 0.0, -14.460645136491715
 0.0, 0.0, -14.460645136491715
 0.0, 0.0, -14.460645136491715
 0.0, 0.0, -14.460645136491715
 0.0, 0.0, -14.460645136491715
 0.0, 0.0, -14.460645136491715
 0.0, 0.0, -14.460645136491715
 0.0, 0.0, -14.460645136491715
 0.0, 0.0, -14.460645136491715
 0.0, 0.0, -14.460645136491715
 0.0, 0.0, -14.460645136491715
 0.0, 0.0, -14.460645136491715
 0.0, 0.0, -14.460645136491715
 0.0, 0.0, -14.460645136491715
 0.0, 0.0, -14.460645136491715
 -0.01603737262830318, 0.008316352696112306, -14.368058186298912
 -0.021398669696828243, -0.012105741968865713, -14.311921260403262
 -0.028565356290040533, -0.030163765187504854, -14.253017818457488
 -0.03648604347858164, -0.05010142342998103, -14.192740684791602
 -0.04680202010384704, -0.06631223372713113, -14.129294663451905
 -0.058040090625285146, -0.08461010097019517, -14.064439873567203
 -0.07136642464572951, -0.1011998616148746, -13.99702858841675
 -0.087079872229606, -0.11548829120636783, -13.926948782119801
 -0.10390748277780837, -0.132618093898084, -13.855465684795034
 -0.12378144489579412, -0.14612271525583986, -13.78099799774372
 -0.1456787494104228, -0.1603084204132773, -13.704544420223106
 -0.17031496501765098, -0.1731934368060879, -13.625674518045862
 -0.1974691419584751, -0.18624517027033682, -13.544672461471812
 -0.22817190334427373, -0.1963938748264361, -13.461011427172009
 -0.2611876286556152, -0.2089082473450602, -13.37558937409434
 -0.29806889976887874, -0.218861442698973, -13.287637468277168
 -0.3386856095293398, -0.22752860303932265, -13.197427305384545
 -0.3823606301982041, -0.23832488227718285, -13.105395517104355
 -0.43067726918618643, -0.24618564639202778, -13.011029794888938
 -0.4829740899441384, -0.254563435834089, -12.914760001715432
 -0.5401935129804682, -0.26078253133754903, -12.816474987638673
 -0.6015632600833762, -0.26886143409903196, -12.716568701384976
 -0.6684290276397222, -0.2745324508617861, -12.614906047036696
 -0.7404830312958937, -0.28002201109159386, -12.511787814837032
 -0.8181568514760031, -0.2846177888156467, -12.407371895459061
 -0.9012833327667256, -0.29001422138694977, -12.301929912338174
 -0.9904198503206318, -0.2949247726858921, -12.195649568085384
 -1.085960933002748, -0.2985109433940605, -12.088847297097953
 -1.1877571989980114, -0.30233627001860963, -11.981802001542416
 -1.2963022882373059, -0.304833531478505, -11.874924736576384
 -1.4113516532063293, -0.3078228155828753, -11.768510905459866
 -1.533294729747487, -0.3097798847864699, -11.663060575782538
 -1.661791309828362, -0.3126984471614497, -11.55888184118593
 -1.7971469395859425, -0.31491847927733374, -11.456540922999517
 -1.939186708215916, -0.3170671185509464, -11.356449915823527
 -2.0877416226772016, -0.3193110242753885, -11.259096004245238
 -2.242766148280103, -0.3207385480618383, -11.165042968760353
 -2.403700174610678, -0.3232148553989539, -11.074594352335899
 -2.5705691419708545, -0.32423222087714054, -10.988495333707375
 -2.7426803057521623, -0.3258551806301462, -10.906953860372768
 -2.91951546480432, -0.32841589516564806, -10.830367448306436
 -3.1007691529892623, -0.33014099873712655, -10.759319853341026
 -3.2857080782425667, -0.33251095830602373, -10.693924413572201
 -3.473728715836642, -0.33542764838811845, -10.63446444701588
 -3.6643091282043567, -0.3374976863879814, -10.581337787285975
 -3.8567065099120916, -0.3396404547139107, -10.534540014067453
 -4.05023852900568, -0.34199040740586106, -10.494123745600543
 -4.244224486411207, -0.3446524641076384, -10.460091537066145
 -4.437925095426756, -0.34846624538646653, -10.432320081849237
 -4.630906872714041, -0.35163062272800416, -10.410871557213785
 -4.822568734958872, -0.35474965118028956, -10.39547465024477
 -5.012391583656816, -0.3576824045213134, -10.38592972074349
 -5.199847120283646, -0.3609532979277743, -10.381943003842895
 -5.384472267749648, -0.3653106150351393, -10.383159429971919
 -5.56604463913453, -0.3693639110769442, -10.389389294329249
 -5.744272428218211, -0.3729875288600757, -10.400328895344776
 -5.918901846420353, -0.37625972607021596, -10.415654958019475
 -6.089615947539841, -0.3810832431650988, -10.434894713657677
 -6.25645874071886, -0.3854326489107893, -10.457885986073656
 -6.419346867865838, -0.38920230128639477, -10.484339739103842
 -6.578220084607521, -0.39249216718460367, -10.513970318569411
 -6.732943337933619, -0.397384759026973, -10.546363850483058
 -6.883711338804306, -0.4017254035945971, -10.581418906164487
 -7.030575085850154, -0.405430914133622, -10.61892242344254
 -7.173585182694334, -0.40870358749516766, -10.6586677398641
 -7.312724162301246, -0.41353926191151635, -10.700352108459432
 -7.448251454064616, -0.4178229185404456, -10.74394236651558
 -7.580280771859453, -0.42149327048232277, -10.789311003514982
 -7.7037981302542535, -0.42327209085861506, -10.841974046827179
 -7.8215918508813465, -0.4254832924302778, -10.90340341471958
 -7.941491180220222, -0.427047849611907, -10.970181166743995
 -8.063494588580955, -0.428065892063044, -11.042530303101373
 -8.187574194480455, -0.4286307465060055, -11.12068219082443
 -8.313664239395518, -0.42895586222930193, -11.204868617394002
 -8.441594533895543, -0.430793224975894, -11.295253365323767
 -8.571343745254394, -0.4325920605621374, -11.392139348720505
 -8.702736079330311, -0.43446857396697025, -11.495756920292333
 -8.835547191681163, -0.4365403809902896, -11.606324236590666
 -8.96950062641299, -0.4389170281197383, -11.724040934919715
 -9.10426462839922, -0.4417058668981001, -11.849079897955097
 -9.239435590141433, -0.4453482239972243, -11.981566178896948
 -9.374542943296982, -0.45084181640109655, -12.121556491739081
 -9.509105485029451, -0.4564924359437895, -12.26919974282569
 -9.642617923883568, -0.4628182134007668, -12.42441328545757
 -9.774492963211468, -0.4700314151609083, -12.587080859570813
 -9.904094128141706, -0.47817673387733817, -12.75701979945444
 -10.030755507451609, -0.4872793915437661, -12.933957482922448
 -10.153794234573002, -0.4973334953066687, -13.117526626252758
 -10.272466210305463, -0.5096892467620866, -13.307235511694937
 -10.386137429815847, -0.5228517892603003, -13.502589532777234
 -10.49424394855613, -0.5370527132437941, -13.702880551307397
 -10.596196118112935, -0.5522072770211798, -13.907372575111802
 -10.691465412461348, -0.5681874616101221, -14.115258550350173
 -10.779597037167285, -0.5848208667362585, -14.325675532767079
 -10.860181143777535, -0.6038485410461076, -14.537678210814425
 -10.932999853341201, -0.6242944999435052, -14.750362374307802
 -10.99789911712574, -0.6452699313896383, -14.962825686040883
 -11.054797766289546, -0.6665546631300492, -15.17417260586172
 -11.103694404629689, -0.6877942596423511, -15.38355539550984
 -11.144644281769317, -0.7099407754347768, -15.590155328062364
 -11.177837771883688, -0.7340678041784915, -15.793209059020516
 -11.203551918546571, -0.7581738571886069, -15.992097872585253
 -11.22204920424493, -0.7820561708817596, -16.186258374825393
 -11.233620488853168, -0.8054973637202029, -16.375215206872586
 -11.238544555104983, -0.829591682224458, -16.558560464872503
 -11.237148383472366, -0.8554673028641337, -16.73597124512596
 -11.229803254765939, -0.8808973919672575, -16.907255498526496
 -11.216785134090586, -0.905472542899315, -17.072277200817688
 -11.198388830084468, -0.929275897741465, -17.230932508426605
 -11.174861471404277, -0.9522489956114072, -17.383186565004433
 -11.146380924486643, -0.9779855974832472, -17.52899024815267
 -11.113222104256224, -1.003142317420898, -17.668454633033193
 -11.075543199724969, -1.0276793384273595, -17.801666896397048
 -11.033468690043431, -1.0515765639472532, -17.928740288504542
 -10.987089593838597, -1.0748261165485848, -18.049808873423693
 -10.936464540964248, -1.0974379867939916, -18.165022672737855
 -10.88162113097244, -1.1194442501652397, -18.274543734097794
 -10.822523559503088, -1.1433058060877004, -18.378489349360365
 -10.763290712884583, -1.1677049728284032, -18.4848311848506
 -10.703323585803105, -1.1939729566305985, -18.599655048516055
 -10.636908886118622, -1.2224651541487201, -18.720666881732438
 -10.563776890210704, -1.2533303938644604, -18.847529419784507
 -10.483563248857047, -1.2857527446726917, -18.979936198435393
 -10.395978478813692, -1.3200974206045866, -19.117470891378943
 -10.300717276194312, -1.3569180753154606, -19.25965131040269
 -10.197432190999358, -1.396344253367626, -19.405959896911934
 -10.08577398024568, -1.4385022155701566, -19.555808677710083
 -9.96540274932509, -1.4835001251588718, -19.70853209956469
 -9.836001695568228, -1.531429100124629, -19.863381004624372
 -9.697163389156888, -1.5793144965985453, -20.019720812483815
 -9.54883497187285, -1.6294048548227151, -20.176511629386127
 -9.390898154413764, -1.6818447373510663, -20.332750758871942
 -9.223296610716442, -1.7372105952459915, -20.487349490575856
 -9.046085342275564, -1.7961982407428552, -20.639150607242797
 -8.859432934268463, -1.854984527030845, -20.78721227208309
 -8.663797573450672, -1.913890246186101, -20.93035323834256
 -8.459771856441389, -1.9737590385401103, -21.067349249986826
 -8.248051409227246, -2.034109864212454, -21.197107630960762
 -8.029493249662412, -2.094400202811326, -21.31861857849897
 -7.805105103993281, -2.154007698194188, -21.430990006279792
 -7.576024346405907, -2.2096204030825044, -21.533674897770005
 -7.343561006331828, -2.261952703982969, -21.626011725564286
 -7.108840486773588, -2.3141405880412744, -21.707365266599776
 -6.873123890750136, -2.3663765294709735, -21.777472031960762
 -6.6378954804962715, -2.415367097094098, -21.83648269534637
 -6.40442095630576, -2.460482925240252, -21.884571733484538
 -6.173887778854478, -2.50106493507051, -21.922082510280248
 -5.947380935336475, -2.536394749835789, -21.94950524859505
 -5.725808239358077, -2.566265830146477, -21.96740178908366
 -5.509092146198404, -2.598795259982152, -21.975719556255626
 -5.298533426959822, -2.6263256963161288, -21.975732882778857
 -5.094598570226536, -2.6484887169125866, -21.96816319893015
 -4.8976177201852265, -2.664899008082181, -21.953730693736528
 -4.707804890665104, -2.6750847283349963, -21.933139863017033
 -4.524894607155644, -2.681407902006369, -21.906766002118392
 -4.347941018726473, -2.6902728969269534, -21.874489928756567
 -4.177729788832948, -2.6941844963497843, -21.837550611575736
 -4.014053449001894, -2.6929730450741944, -21.796393843997855
 -3.8566576407459126, -2.686427629486587, -21.751401881183256
 -3.705259058988739, -2.674265223412756, -21.70289666285817
 -3.559444122901276, -2.656833915970039, -21.65105616924888
 -3.4171573396603585, -2.644219489481146, -21.594806846084747
 -3.2794991207260726, -2.6268487801561724, -21.53537241377706
 -3.1464582465548085, -2.60199168419299, -21.4731664009323
 -3.017211975940518, -2.572546201142485, -21.407757854440767
 -2.8913151247466957, -2.5385789004245622, -21.339042620102166
 -2.7683095591344187, -2.500192145288002, -21.266851063655352
 -2.6477168728165945, -2.457559518905909, -21.1909416243228
 -2.5307455180473197, -2.41357419791622, -21.117685552298312
 -2.414843721962922, -2.3763392474446725, -21.046183535872874
 -2.299241127823823, -2.3354515381259673, -20.970943970788163
 -2.1842613543599745, -2.290794935080114, -20.891969749725323
 -2.070225140771254, -2.242331200290461, -20.809272861476856
 -1.9575700858475207, -2.1894940188960117, -20.722969311082558
 -1.8467243593746323, -2.13186314183137, -20.633176007453322
 -1.737811179671147, -2.070528202769492, -20.539792450658233
 -1.631173611909924, -2.005470019941608, -20.442913527945436
 -1.5271704541918139, -1.936601566003604, -20.34266616039166
 -1.4252242657391472, -1.867684602594065, -20.23868576939422
 -1.3248570468110312, -1.8018177647806395, -20.130736869124135
 -1.2276347017506648, -1.7337066697334702, -20.019723967039592
 -1.1338116071521132, -1.6634852201054504, -19.90584382545201
 -1.0436239956291997, -1.5912865703393702, -19.789312097507977
 -0.9573012187899828, -1.517187502658274, -19.670368230406492
 -0.8750658987882893, -1.4412014318265773, -19.54927228304106
 -0.797901164422635, -1.3603026237687126, -19.4267819942007
 -0.7228401668579485, -1.2863030259840618, -19.30160217334286
 -0.6513426392325252, -1.2141338492567657, -19.174701383978707
 -0.5841854553788757, -1.141307432701162, -19.046693396655236
 -0.5214228848794891, -1.0679260936955197, -18.917855549676258
 -0.4631018424153899, -0.9940115276780348, -18.788466373961846
 -0.4092780268926033, -0.9194527733140512, -18.658806646817155
 -0.3593780984585768, -0.84626001254347, -18.528909237025946
 -0.31091832555745835, -0.7830100523646641, -18.398132953725575
 -0.26634124167209805, -0.7208663022002242, -18.267706915972372
 -0.22554915966848021, -0.6599096993462434, -18.1378469980033
 -0.18844822977181153, -0.6001424400493196, -18.00875754207187
 -0.1549487987807927, -0.5414961981983766, -17.880627156199807
 -0.12725070294732, -0.47586194135150794, -17.754848066192952
 -0.10005518808880964, -0.42119016350992, -17.62955604560331
 -0.07546137685193877, -0.36971773345102665, -17.50555709572889
 -0.053663535075956226, -0.32025541718100414, -17.383073796022217
 -0.03452915538895507, -0.2727295071332181, -17.262208725811153
 -0.017949901242909405, -0.22697423825872853, -17.143051969218433
 -0.00385561633325171, -0.18268810792925594, -17.025682158679704
 0.007457438256547988, -0.138257927176771, -16.91113718632507
 0.017689457773617967, -0.09908939520884252, -16.798299222091927
 0.026194860117771057, -0.062424815523114185, -16.687366985384553
 0.03307229786442445, -0.028096523329269152, -16.57837480961292
 0.0383963660417006, 0.004131296447376753, -16.47134768787966
 0.041239675475478244, 0.03800246313357225, -16.36673286533933
 0.04224453659102778, 0.0717683035462453, -16.264934603174105
 0.04354099407589551, 0.09836164879076903, -16.16492604267394
 0.04394021895773914, 0.12236673245429519, -16.06688214115147
 0.04348995630882602, 0.14401267916196958, -15.97080469909574
 0.04199266170481408, 0.1643856921297031, -15.876784730730948
 0.036593297545349124, 0.19410271752450625, -15.785949317722935
 0.03133265118919848, 0.21909174724309088, -15.696872183976163
 0.027718234857211144, 0.23425642681075964, -15.609644269222038
 0.0237230038071381, 0.24711491405030395, -15.524260994050199
 0.01898843373167569, 0.25923876574336213, -15.44079170608348
 0.011292640744249738, 0.27903119601417736, -15.360022180724048
 0.0034624978264314876, 0.2964560055122314, -15.280768781299347
 -0.004582971925361612, 0.3120286557239176, -15.202999134096341
 -0.012067354231251493, 0.32311415071997396, -15.12679321232173
 -0.018978089436034296, 0.32985580969763006, -15.052520857532325
 -0.027912558601679294, 0.34203482517093, -14.980393261934028
 -0.03672841627821999, 0.35187191128112927, -14.909569316279672
 -0.04549466464096685, 0.35976624062014007, -14.840026431645256
 -0.05426754024804037, 0.36605936089210167, -14.771733596388051
 -0.06346799082693444, 0.37246561336329687, -14.704749297844105
 -0.07532651202681695, 0.38758291548973745, -14.63953141280728
 -0.085351188334303, 0.39460465430513847, -14.575678047575497
 -0.09461922135382839, 0.397635412353488, -14.513033129929408
 -0.10379590073358447, 0.39925193842304596, -14.451440984839294
 -0.1129221179334472, 0.39968903512678344, -14.390872005399524
 -0.12352306676914981, 0.40493671560583056, -14.33167468851848
 -0.13468685993528062, 0.41157999390309663, -14.27354289283423
 -0.14564447547020531, 0.41670691487952527, -14.216235112875069
 -0.15647054751368916, 0.4206631405145882, -14.159729658293797
 -0.16722635707552858, 0.4237395009003613, -14.103998939814582
 -0.17761199972079122, 0.4248359119160374, -14.049151519016364
 -0.18816772930657866, 0.42620383299117837, -13.995743336489037
 -0.1990827436164686, 0.42855136043970776, -13.943170254454113
 -0.20980345003266443, 0.42972494881098044, -13.891255296301852
 -0.22038314849127172, 0.42996816698326645, -13.839979787262108
 -0.2308605098905936, 0.42946532737439425, -13.789322947735187
 -0.24126611466422254, 0.42836730427914493, -13.739262546717713
 -0.2516274906613667, 0.42681157680076076, -13.68977495979331
 -0.26197725283116746, 0.42495587772605004, -13.640839097701804
 -0.2737283402410151, 0.42857462402613966, -13.592647558042264
 -0.285287230604073, 0.43124280934271497, -13.54491286759675
 -0.2967019666777597, 0.4331730021011235, -13.49762046326838
 -0.30800493502669646, 0.43451374449848235, -13.450755029726007
 -0.3192213133656896, 0.43538348187161957, -13.404300324940014
 -0.3303698604588554, 0.4358737924450842, -13.358239954923466
 -0.34112382029312904, 0.43469331746292417, -13.312729013682965
 -0.3516416404438063, 0.4324807506365915, -13.267684879014668
 -0.3621796921625755, 0.4302732905502553, -13.222966567811705
 -0.3727457278247579, 0.4281151772627976, -13.178554137211133
 -0.38334690261846305, 0.42604729504260597, -13.134427762299584
 -0.3939909878056076, 0.42411214658217355, -13.09056747929898
 -0.4046818914138486, 0.4223353792475326, -13.046954367314301
 -0.41555610493365425, 0.42130721721196607, -13.003600167540949
 -0.4265716548389742, 0.4208605789965518, -12.96047690564139
 -0.43756788320345663, 0.4203141162312387, -12.917526315494918
 -0.44855371576038205, 0.4197066690063227, -12.874729240004267
 -0.45953307189437886, 0.41905480536071216, -12.83206678114293
 -0.47080624355662337, 0.41826920744050256, -12.788328433155499
 -0.4818775398023716, 0.41632067353765523, -12.745317597593884
 -0.5129513816364151, 0.45287025709665873, -12.665520850042398
 -0.5462410001696281, 0.4868244997003166, -12.578136332206727
 -0.5831501078791295, 0.5231585832092731, -12.482079980873994
 -0.6235664293854803, 0.5604691003967577, -12.377231089409536
 -0.6702899299000631, 0.6099619723812246, -12.264360970941997
 -0.7189420306986447, 0.6514040858100918, -12.143983381097689
 -0.7713497159582863, 0.6912926084801603, -12.014823148020264
 -0.8306661822459152, 0.7420785864640287, -11.877168517648855
 -0.8958473155227571, 0.7977062847414675, -11.730808059715672
 -0.9630096011180402, 0.8391072311534411, -11.577063211192803
 -1.0383192127790188, 0.8920472155885208, -11.415097285307478
 -1.1205913041511177, 0.9495806585661699, -11.244456299790622
 -1.2081956987166436, 1.002480892444373, -11.065471987001452
 -1.3028491339929182, 1.0561169418393968, -10.880746704891164
 -1.405299614936749, 1.1128010057294526, -10.68770440250263
 -1.5154532449018179, 1.1705400875075374, -10.486930827651943
 -1.6343920228932634, 1.23225772546678, -10.281100672008755
 -1.759464396542084, 1.284180325881303, -10.069843369580862
 -1.8935599041502496, 1.3399709068440995, -9.852752199130858
 -2.0376969586068068, 1.4040774464086265, -9.631759749712849
 -2.1896650655314467, 1.4663542686670012, -9.406775240346585
 -2.3465143191750624, 1.5111433513305008, -9.181100108795075
 -2.513458886755549, 1.5682237063595768, -8.954442579444617
 -2.6872467750367086, 1.624044690096796, -8.727108440131197
 -2.866967505633755, 1.677737538847173, -8.500394167380538
 -3.052292269436345, 1.7323078367123268, -8.27633089323643
 -3.2417627410444316, 1.785192121570295, -8.05695720422026
 -3.4326217558657577, 1.8275979928271133, -7.843454198420097
 -3.6248096977279296, 1.8688437253959214, -7.635612267077858
 -3.8166007811165823, 1.908101536536133, -7.43471276299452
 -4.0067822745824335, 1.9480203004126195, -7.2424018770382785
 -4.1934738133572695, 1.987861196499648, -7.059653181013359
 -4.374370754475168, 2.0246769545649586, -6.886880708960816
 -4.547694188838478, 2.058447417943061, -6.7248337825000455
 -4.711708047472175, 2.0891736924200828, -6.574148935784449
 -4.864747135614761, 2.1168763202961864, -6.435358389637928
 -5.005236659627377, 2.1415668116483793, -6.308905908433465
 -5.131710663526418, 2.163257005250328, -6.195162515592518
 -5.2428226535074955, 2.1819519078846428, -6.094445463940097
 -5.3373498599672295, 2.197628675089009, -6.007040394133854
 -5.414195146503181, 2.210227179501863, -5.933223424579218
 -5.472390335108659, 2.2196832533586592, -5.873273322770292
 -5.511091658505709, 2.225894903530605, -5.82749452944797
 -5.529580130037329, 2.2287351830487827, -5.7962289435670975
 -5.527263377160988, 2.2280633996687746, -5.7798648590460555
 -5.503678484029209, 2.223716871407468, -5.778846170627151
 -5.458500927951324, 2.215523850905689, -5.793673500308936
 -5.391558970598293, 2.203323499344493, -5.824897992768122
 -5.30271755345918, 2.186918697438502, -5.873331805893072
 -5.200159374354323, 2.170699062145275, -5.93388548638074
 -5.092262385353312, 2.1573490445518604, -6.0001622994082915
 -4.978645587246918, 2.1392505640448403, -6.07278088500348
 -4.859296863341012, 2.111023932362965, -6.15304562457691
 -4.7356496822764775, 2.080580705824314, -6.238723648005825
 -4.60830657427085, 2.048037858486979, -6.32961454535638
 -4.478247689800688, 2.015764664845892, -6.425864009542741
 -4.346401186252765, 1.9860621500595923, -6.527419667542524
 -4.2126280319014535, 1.9548877032913499, -6.63315739250293
 -4.07758669013725, 1.922952440648335, -6.742683286007415
 -3.9419861271237577, 1.8915077574351697, -6.855428022072547
 -3.8057894543307205, 1.8541840224700887, -6.97529007323703
 -3.6694213516545346, 1.812611007617835, -7.0996007372360905
 -3.533608360862183, 1.7694285144734991, -7.226583943737435
 -3.3988893564105096, 1.7252846072660963, -7.355840427300131
 -3.2674013218428373, 1.6903006872186974, -7.487238797033007
 -3.137671926379931, 1.6535047592730392, -7.620892942928826
 -3.0080369255980006, 1.6017022660335563, -7.759224897098434
 -2.881593460446175, 1.5530122278648109, -7.898831034749798
 -2.7590873164820584, 1.5104533549097603, -8.039075645392693
 -2.6399370756722584, 1.4700787960496988, -8.178310732701416
 -2.5222919383887916, 1.417775389242892, -8.321634168602678
 -2.4085785922075775, 1.3680182875175535, -8.46559094432142
 -2.2983252674711316, 1.318439300559071, -8.608043156569224
 -2.193356011134438, 1.278105488206338, -8.748843561458823
 -2.0896154785402965, 1.2230185392659696, -8.893030541033824
 -1.989441172046134, 1.1677945716223628, -9.035018518995514
 -1.8959306486035787, 1.12855959912408, -9.17404102725487
 -1.803237453315627, 1.0735066163649292, -9.314591731211081
 -1.71438656174234, 1.0194622299755727, -9.45355860776409
 -1.631154130928401, 0.976413570320033, -9.588823795438259
 -1.548840627733611, 0.9197115653512193, -9.724223613445579
 -1.471501860210549, 0.8706159998454162, -9.858139855753434
 -1.3977943969497124, 0.8236695259909648, -9.987482567919766
 -1.3264151394346841, 0.7716367481494928, -10.117433942239119
 -1.2580027824763729, 0.719155844675113, -10.24434883813078
 -1.194413177518979, 0.6758836769407319, -10.366847530002985
 -1.1312949149519742, 0.6205791288600031, -10.49020528085999
 -1.0721147799519404, 0.5713043432834899, -10.608881386141183
 -1.0162153927605555, 0.5252217275505537, -10.725288428245573
 -0.960829831591778, 0.4696700670277665, -10.84021015792668
 -0.9115939231570351, 0.43211036011880677, -10.949546515592985
 -0.8600393179378685, 0.3730609049457194, -11.060125217468723
 -0.8144343748999807, 0.33194935817970816, -11.165399500655107
 -0.7686468646065867, 0.2806735950963475, -11.268829318917128
 -0.7260557588015715, 0.23554814887693443, -11.369892067142196
 -0.6853205651069807, 0.19050689108654417, -11.466504457625739
 -0.6455977948763874, 0.14289075100267157, -11.563056112711811
 -0.6078558667143206, 0.0967783106703104, -11.654988732730345
 -0.5721019115621804, 0.05328741466884357, -11.745201695048035
 -0.5366261916940509, 0.004812020791752136, -11.832948772809239
 -0.5047566630149429, -0.03355626099347386, -11.916595218990182
 -0.4713811267823811, -0.08344533841695001, -12.000018495088852
 -0.4428714803965814, -0.11770204540676654, -12.077488110852864
 -0.411402885113894, -0.16836881127880998, -12.156561695819338
 -0.3839343028004105, -0.20664274351268297, -12.230324691689162
 -0.35610573998822304, -0.2500509328235647, -12.302888811716
 -0.32943491567790595, -0.2920328162143311, -12.373042237351346
 -0.30501027659077096, -0.3284231200977836, -12.439280380800884
 -0.2790092641674011, -0.3735341751388148, -12.50581828522504
 -0.25665832219281093, -0.40722800080810173, -12.567230496012002
 -0.23217866414749722, -0.45149251396154555, -12.629032718365927
 -0.21073635869232454, -0.4859475899065111, -12.686957710824018
 -0.18874462080474252, -0.5253458881612183, -12.742916722628541
 -0.16823735864847933, -0.5597861805287185, -12.797259824332334
 -0.14793691724898572, -0.5962506683808833, -12.848810304415629
 -0.12884167688071813, -0.629045488978925, -12.898514221392539
 -0.10919993744456669, -0.6655525242687259, -12.946916286889126
 -0.09227254219024061, -0.6940379379850392, -12.991084981318332
 -0.0736274163294901, -0.7289263775547055, -13.036084634194701
 -0.055109841034040485, -0.7652920041298563, -13.078861876426627
 -0.04099733409211481, -0.7867643410122289, -13.116717152312955
 -0.023267680778554123, -0.8217151183158906, -13.156465113115422
 -0.00811356712290312, -0.8490280009298155, -13.192343520812843
 0.005418590055372263, -0.871407460988558, -13.225684973716184
 0.021962528020177174, -0.9046996431204171, -13.260486860901766
 0.0342558909458095, -0.9244991547929609, -13.290270043431597
 0.04647771400255962, -0.9449802362999384, -13.318770569732632
 0.06163483276752579, -0.9754422481726492, -13.348989734308827
 0.07216199607313634, -0.9912826239864676, -13.374054298915565
 0.08182493453054462, -1.005625830233932, -13.397068929408064
 0.09516502170647101, -1.0316474505868862, -13.422864644296217
 0.10496062352612512, -1.0467467067131198, -13.444653071421595
 0.11331921005199952, -1.0582060005733758, -13.464222387262039
 0.12192299605081125, -1.0713760799956056, -13.483175771103495
 0.13258081033500702, -1.0906096230697822, -13.503754636447127
 0.1387129433985237, -1.0961513257619446, -13.51968932626863
 0.1454022867535496, -1.1042835548540142, -13.535553022841306
 0.15189226364775443, -1.1125079954117882, -13.550795568109807
 0.15891143707305844, -1.1225559506115255, -13.566352650077487
 0.16278939111704815, -1.1228748570231974, -13.57902181372643
 0.16709832192194263, -1.1251036016161144, -13.591938593077723
 0.17133125937684213, -1.127584733673377, -13.604755413094697
 0.17524730924489518, -1.1295150293028666, -13.61735620843299
 0.17873693122368373, -1.1305071896482497, -13.629738718732094
 0.17985828169897466, -1.1248485994153161, -13.640130029670052
 0.18094121986759326, -1.1188742331264596, -13.650977261856028
 0.18235423843774257, -1.1140492820709318, -13.662585475613898
 0.18362186918907497, -1.1089831625434525, -13.674562410804208
 0.1846820941381182, -1.1034448543338875, -13.68691165913137
 0.18551898648428633, -1.0972622523762843, -13.699766393420049
 0.1861285086321871, -1.0903103913133851, -13.713234019076271
 0.18652758359973554, -1.0826183006602896, -13.727320040362134
 0.1867300968671355, -1.074210552527762, -13.742020135534522
 0.18675699860668438, -1.065134896997527, -13.757330871570232
 0.18663346232237288, -1.0554533202983156, -13.773247670820073
 0.18639002775028857, -1.04524557485061, -13.78976640304693
 0.18605810988761817, -1.0345963468923538, -13.806879583427719
 0.1856701746224978, -1.023595289166583, -13.824577209201806
 0.18526655627841393, -1.0123562063253282, -13.84285390325744
 0.18488057031573035, -1.000976174265141, -13.861694738263889
 0.1845592633977411, -0.989592345391759, -13.881096130349011
 0.18435265676432344, -0.9783532205868641, -13.901055409236596
 0.18431403906224908, -0.9674196665859922, -13.921571372157892
 0.18591551909063853, -0.960661698831861, -13.94404009842797
 0.18810053441433716, -0.9554050321091896, -13.967332917124736
 0.1909743037632321, -0.9520073696979416, -13.991476584932887
 0.19452285718601559, -0.9504737728893817, -14.016388184053724
 0.1951973771951767, -0.9407189448535775, -14.038782532770913
 0.19613288803847695, -0.9316515481016148, -14.06150856357121
 0.19740371074241025, -0.9235131554426312, -14.084583446614442
 0.20015822935584993, -0.9194200075667263, -14.109008779611493
 0.20494398868163977, -0.9209967193629369, -14.135178896568364
 0.21094548884854092, -0.9262988902975084, -14.162222875188844
 0.21587945929966423, -0.9287154715541424, -14.18814768817731
 0.21825783230147522, -0.923796210069358, -14.211750281466598
 0.2211387937821545, -0.9205178182313072, -14.235572194412551
 0.22775192447883974, -0.9279056712472415, -14.262251297314396
 0.23573753060532532, -0.9398980463003779, -14.289605262779721
 0.24264568765129368, -0.9491630262606798, -14.315692848237404
 0.24602537410026137, -0.9480661514582469, -14.338766519348663
 0.25154731666605734, -0.9535415412805113, -14.363121010347207
 0.2603390812279489, -0.9692428707579666, -14.38941676130125
 0.2704091202302692, -0.9898429057956772, -14.415960748344698
 0.2740962581881785, -0.9908759655175685, -14.437736775998454
 0.27958974518373303, -0.9978791793206228, -14.460313122011598
 0.28943433648573347, -1.0189271981992405, -14.485183810409008
 0.29941976004088566, -1.0416330550701063, -14.509382417151661
 0.3031269111529422, -1.0443568923514124, -14.529425424929666
 0.30977077242787665, -1.0569572671495764, -14.550711461866332
 0.3210410662085472, -1.085675500243275, -14.573828055804938
 0.32759810205455153, -1.099482070207019, -14.593868740538575
 0.3311923981338225, -1.103819456936065, -14.612002959306997
 0.34046483722299214, -1.1276870698070138, -14.632333405252433
 0.3505689114778683, -1.1559331994540303, -14.652157816574551
 0.35338683085280564, -1.1587927931145234, -14.668648881904117
 0.3589701471934337, -1.1720879192437519, -14.685719681953303
 0.3712409810678299, -1.2106852324899646, -14.704296011128188
 0.37332591385452574, -1.2119373363134196, -14.719381092057636
 0.37607455064888207, -1.216735125175147, -14.734144451631439
 0.3867980400789808, -1.2518284436168614, -14.75042437734262
 0.3905901748464853, -1.260897178569124, -14.764750687119175
 0.39254556230100235, -1.2636291773686366, -14.778329699699926
 0.39996702851033916, -1.2883908943886662, -14.792287858732262
 0.40507346232983643, -1.30405079168353, -14.805639437660172
 0.4063516449628217, -1.3046885673432262, -14.818383392263096
 0.41061748828917644, -1.3185564311187576, -14.83080338980557
 0.4168871881839973, -1.340355456914419, -14.843111765634134
 0.41762086598819437, -1.338907340076223, -14.85538187962373
 0.41929692487784465, -1.3429075657066996, -14.867074444083283
 0.4262997983819865, -1.3693034451352784, -14.878298468037217
 0.42663228728406644, -1.3658130737181917, -14.890455176919836
 0.4276608075100441, -1.3667972276566291, -14.902026292900656
 0.4336411601955916, -1.3906880096990506, -14.912310662841698
 0.43374175569583073, -1.385326007376262, -14.924699289510146
 0.4342614487489378, -1.3832225418328314, -14.936558305347369
 0.4370485623145015, -1.3931579084313892, -14.947242023007057
 0.43932476230239637, -1.397646863800694, -14.959115342589081
 0.43950966121723845, -1.3925948626022087, -14.971636782964367
 0.44044165188941875, -1.3925469683275271, -14.983437652616239
 0.4437081622885817, -1.4030507210765977, -14.994576723789164
 0.44379417634212714, -1.3955707395193466, -15.00806570653524
 0.4441971278620489, -1.3908365420254554, -15.021093831478382
 0.44552047030662223, -1.3921580674675476, -15.033225645077735
 0.44738776559684723, -1.3926653549953274, -15.046491915589943
 0.4476030773816255, -1.3843911463206298, -15.060967329627545
 0.44817610402963837, -1.3789514416056508, -15.075013706570298
 0.44960709947556055, -1.3792172414121127, -15.088193805217276
 0.4507921683560898, -1.373681293494302, -15.103437872465564
 0.451161635368873, -1.3639855255811644, -15.119367865293947
 0.4517754038860229, -1.3563043858486432, -15.135045000094939
 0.452971601214486, -1.3525443914482718, -15.15017317970713
 0.45423908684226433, -1.3464809685185772, -15.16652217211824
 0.4548108424651165, -1.3349926176761862, -15.184294478152651
 0.45541854475303545, -1.3241510557349405, -15.202086824102716
 0.45628092304654544, -1.3150685842832386, -15.219752810751602
 0.4575958433166427, -1.3088661822452419, -15.2371049127431
 0.4586905608367413, -1.2985408984320128, -15.256085977119486
 0.45946740451371504, -1.2852230684682315, -15.27610183823567
 0.4602070024205318, -1.2718685957861775, -15.29632508751597
 0.46102671987256727, -1.259012782386879, -15.31669844786423
 0.4620059034645241, -1.2470280007045722, -15.337174683060272
 0.46320565742123954, -1.2362143936635273, -15.357708054109166
 0.464532140477667, -1.224824697251128, -15.378914493224642
 0.4654605775115783, -1.2092585151488873, -15.401572937980783
 0.46627644462816775, -1.193073949790848, -15.424555894858146
 0.467034020660976, -1.1764956752310125, -15.447839227381243
 0.46776070129496805, -1.159627845354915, -15.471408540982798
 0.468461536940846, -1.1424673948075657, -15.495260740581925
 0.4691384178449667, -1.1249922969203696, -15.519403885161392
 0.4697018861475124, -1.1066529914975571, -15.543982369585702
 0.4700489049612102, -1.0869222840146031, -15.569077803089925
 0.4701560945285408, -1.0657888763244845, -15.594610875816734
 0.4699963535776037, -1.0432308536447283, -15.620498518827945
 0.4695459058604925, -1.0192526014705603, -15.646648522209846
 0.4687729097317419, -0.9938230040986349, -15.672969243602466
 0.4676585032269447, -0.9669852708406939, -15.699353765647569
 0.4661805451040646, -0.9387687030032672, -15.72569381909563
 0.46432200165496074, -0.9092301077872038, -15.751874712270743
 0.46206355907641417, -0.8784142722094253, -15.777781447633107
 0.45939140016430713, -0.8463916794869075, -15.8032944606659
 0.456297290375419, -0.813256044212002, -15.828291243583868
 0.4527700920026696, -0.7790809146185622, -15.85265242538224
 0.44880173688226677, -0.7439483465920198, -15.87625881912761
 0.4443863454555075, -0.7079434476865913, -15.89899279180308
 0.4395152357434169, -0.6711307348064088, -15.920740919504986
 0.43418326217813163, -0.6335837890654954, -15.941391360561411
 0.42838402482642124, -0.5953630554670364, -15.960836136481424
 0.42211085077805865, -0.5565209225846737, -15.978970623383026
 0.4153541245219454, -0.5170907430609908, -15.995694019213271
 0.40810689513194465, -0.47711203640926714, -16.010907633710588
 0.40035660615228874, -0.4365954177263105, -16.02451643466301
 0.3920879645110773, -0.39553659613963843, -16.036427373468605
 0.3832844098575423, -0.35392343619028055, -16.046548523050564
 0.3739208910982441, -0.31170766269277617, -16.05478843705666
 0.3639649643984608, -0.26881174590430335, -16.061053918254924
 0.3533730653187277, -0.22511651579462422, -16.065247349094978
 0.34207657303726435, -0.18041034162122127, -16.06726132070247
 0.32992133518856104, -0.13409415471995922, -16.067017624586104
 0.31778638602267506, -0.08905511355310636, -16.065017787090223
 0.3052031100310275, -0.04406739044221242, -16.060692552430385
 0.29213050138652896, 0.0010191159221717427, -16.053976521887318
 0.2785185047197416, 0.04638285562988376, -16.044795060638307
 0.26430081273902584, 0.09225568159045738, -16.03305866019562
 0.24937662776408498, 0.13898590814610534, -16.018649956548554
 0.23359517728715318, 0.1870873604832599, -16.001405241608623
 0.21748113708389738, 0.23474339679920764, -15.981555396251142
 0.20327663342418045, 0.27433693816552185, -15.960574735632793
 0.18858058984473391, 0.31418539680016755, -15.937024540041111
 0.17333448864327128, 0.35450029575972675, -15.910819690324034
 0.15745322672649742, 0.39558249296141845, -15.881843794825219
 0.13852035982897526, 0.44587732510832434, -15.848654177639633
 0.11820509214446773, 0.4993463899726489, -15.81172974487065
 0.10130654644396486, 0.5400330642527644, -15.77518201285135
 0.08446065231165267, 0.5793117373474665, -15.736364601163155
 0.0670133387806251, 0.6194039413382235, -15.694663009369958
 0.048783298250129725, 0.6609505112535667, -15.649825572584069
 0.02947425646688462, 0.7049713108875892, -15.601428022320649
 0.011058625730083094, 0.7450716206130594, -15.551639541451866
 -0.005436925117754399, 0.7779526646146251, -15.50216427793915
 -0.02240447316456251, 0.8117570126612861, -15.45087930497061
 -0.04020246798719196, 0.8480094390317869, -15.397641596479241
 -0.060899419264155874, 0.8936527478772134, -15.34014521380189
 -0.07963519015059806, 0.932729475268999, -15.283916433608843
 -0.09612737096188528, 0.9644050686722125, -15.229683722394451
 -0.1130700919486376, 0.9976233515572872, -15.173749239376614
 -0.1306749184695848, 1.0332004543306572, -15.115660872623097
 -0.14930906937742527, 1.0724936220209804, -15.054638707165932
 -0.16463890296036787, 1.101179889041419, -14.997933220241567
 -0.17934768273419088, 1.1282227846854371, -14.941303833376141
 -0.1944159354642423, 1.1570141403664769, -14.883002501068612
 -0.2100178496052889, 1.188290694811585, -14.82256729167178
 -0.22626899959143199, 1.2226209964791075, -14.759587572182756
 -0.23869637860528847, 1.2446258052281014, -14.703323646293724
 -0.25123703226878646, 1.2679028712782965, -14.645917574060121
 -0.26397232357502354, 1.2928771551059233, -14.587107677501574
 -0.2770280483086154, 1.3201585310651538, -14.526487456941748
 -0.2900346086784529, 1.3485808103595829, -14.464822825206406
 -0.29995466287433636, 1.3670230886531036, -14.409863061745739
 -0.30982052555993533, 1.3865691917519516, -14.354261522988864
 -0.3196740846930748, 1.407506201961777, -14.297862308599724
 -0.32957266946082786, 1.4302001260412363, -14.240438331592848
 -0.33961107107352095, 1.4551909889262373, -14.181614404075097
 -0.3467582504165687, 1.470409348500838, -14.130746690271751
 -0.35356474100686075, 1.485895207751619, -14.080408090473336
 -0.36014771092604736, 1.502200630662335, -14.030269796832517
 -0.366509044608037, 1.5194211131439315, -13.980349920017208
 -0.3726574092019517, 1.5376814789396738, -13.930644834142324
 -0.3785854318642281, 1.5570379821944988, -13.881206190643983
 -0.3822169123568635, 1.5680432087731655, -13.840136042592604
 -0.38546042259080693, 1.5791366336626105, -13.800531533405277
 -0.3882908681810173, 1.590208087105407, -13.762606433662999
 -0.3906704716983507, 1.6010752149995362, -13.72663287450503
 -0.39340086783861317, 1.6146532250969954, -13.69136012771341
 -0.39612386715782755, 1.6296459713177671, -13.65751380409248
 -0.3984922414787393, 1.6447006828971635, -13.625946108151508
 -0.400485386747369, 1.6596317921099137, -13.596969675570838
 -0.4016933800905669, 1.6719920311945182, -13.573037665484142
 -0.4021643621007378, 1.6818465231981636, -13.554216813114408
 -0.40224404381087986, 1.6910826853117016, -13.538812978706567
 -0.40188896466262136, 1.6993978840059392, -13.5271798151106
 -0.40267223920219664, 1.7124895042983668, -13.516864975272359
 -0.403251892645458, 1.725325566043138, -13.510314629717124
 -0.4035852393353494, 1.73759872563423, -13.507870938511529
 -0.4036479592752169, 1.7490675789002914, -13.509840810808079
 -0.40339604658498907, 1.759413219303822, -13.516566916896522
 -0.4037705907155278, 1.771964465069908, -13.526683325002345
 -0.40489896751968946, 1.7870966665049863, -13.540111317245502
 -0.40593554919664676, 1.8015603235457402, -13.558501646612727
 -0.4068364635485793, 1.8150587440283172, -13.582143554529498
 -0.40732814533718553, 1.8262666317927385, -13.61415246113226
 -0.4091741272559668, 1.8410153764249908, -13.65421189736918
 -0.41042321406085414, 1.850472662033789, -13.707762745766386
 -0.4114728262950029, 1.8572320817676498, -13.77181230705585
 -0.41248738419183084, 1.8617770406174232, -13.845672489461734
 -0.4136123101189, 1.8644023481206848, -13.92882983807109
 -0.4161973149391347, 1.8696252748358537, -14.018689337023039
 -0.41957019474035473, 1.8747119733163722, -14.116180836263364
 -0.42355584226891985, 1.878751547448156, -14.221322909021639
 -0.4283041530285594, 1.8819807159428308, -14.333554830299033
 -0.43369117531303214, 1.8831209177600492, -14.453730421219083
 -0.43925450011228584, 1.8793467094160379, -14.584062940748522
 -0.4459924180261199, 1.875775110335543, -14.719267153703997
 -0.45404059955504383, 1.872585543529335, -14.858776360075899
 -0.4635138638324223, 1.869910101917116, -15.002039900495278
 -0.47451712362263976, 1.8678923742678664, -15.148479057433553
 -0.4871320945572908, 1.866641832610061, -15.297525001024649
 -0.49961279227877586, 1.8586477919476794, -15.455096237871762
 -0.5139614873205547, 1.8525441704168055, -15.613308875284256
 -0.5300226084024064, 1.847774279556458, -15.771974959367213
 -0.5478561911606095, 1.8445201801651292, -15.930543271765469
 -0.5675351368646311, 1.8430690896400879, -16.08839969506371
 -0.5888307319033617, 1.8427392703092385, -16.245582368289224
 -0.6095861148621529, 1.8358418213709642, -16.407788225955862
 -0.6321724205454853, 1.8315053835457888, -16.567254699003534
 -0.6564647565409123, 1.8294740535061624, -16.723828898764182
 -0.6823478473153264, 1.8295687411751858, -16.877319637586265
 -0.7097196505455905, 1.8316809123245026, -17.027510900528764
 -0.738481071429435, 1.8357220521075712, -17.17420412556138
 -0.7659326143583272, 1.8326821140596161, -17.32406712236167
 -0.7948226393893911, 1.8323128671759974, -17.46939739300435
 -0.8251059910180345, 1.8346350517038883, -17.610041999579927
 -0.8566771432780538, 1.8394430347237105, -17.746050437773725
 -0.8894616778950066, 1.8466097486803332, -17.87744498748358
 -0.9233967930810234, 1.856013086297974, -18.004272839424857
 -0.955605834001358, 1.8579962785284612, -18.13366427190942
 -0.9888048699986429, 1.8617298561038162, -18.25879007938126
 -1.023315866260516, 1.86824133068722, -18.378946339807523
 -1.0590641137974766, 1.8771745531463493, -18.49447422920632
 -1.0959966894937052, 1.8881988229319004, -18.60571336787159
 -1.1331440054185373, 1.8978058356751615, -18.715293491261868
 -1.1681153353910023, 1.8975435543393868, -18.829298236743597
 -1.2045452500170235, 1.8994676748561676, -18.939210449538223
 -1.2422820639434358, 1.9026905065648552, -19.04583730196647
 -1.2812139425176392, 1.906404365527077, -19.14992237859105
 -1.318472495857387, 1.9001217227301004, -19.258745990617534
 -1.353005872141134, 1.8794876492579966, -19.375065428297397
 -1.3888007173836492, 1.8577262544970699, -19.48995499266699
 -1.4359827366877527, 1.84749432485432, -19.639876998270864
 -1.509632795663248, 1.8609104469041908, -19.752241723528606
 -1.582316084889925, 1.8640214268653055, -19.862566367572096
 -1.6504216010145312, 1.8388248205328865, -19.987438920379894
 -1.7166021853585542, 1.7945891870910915, -20.120722984836657
 -1.786965639945861, 1.7526117533670578, -20.249411585233336
 -1.8421994297255377, 1.6369004881998526, -20.41456796773841
 -1.9095627747877284, 1.5521758032211983, -20.557992057214268
 -1.966262007634283, 1.406246315045813, -20.725942505302992
 -2.024803555575308, 1.2471276408182999, -20.892165548165757
 -2.086715257746458, 1.0776958393279283, -21.05435354479362
 -2.142691755131724, 0.8585358787379833, -21.226478888870837
 -2.200239350712758, 0.6148436447337582, -21.395020215967143
 -2.2755170608947726, 0.41505526130835935, -21.53940311974478
 -2.340994146896632, 0.1342367985327677, -21.6947410095734
 -2.426187287898564, -0.09850406886482488, -21.827318760225303
 -2.516931214377984, -0.35344250571270064, -21.954057724237504
 -2.6278811556774935, -0.5599403171941977, -22.064339692810744
 -2.742473530414973, -0.8051343486031235, -22.17157783927961
 -2.8820740664198237, -0.9792924048436763, -22.26429722545609
 -3.031806866486379, -1.1613820757122233, -22.35188015218295
 -3.1950434020419225, -1.3356060820514895, -22.432879075656253
 -3.3804081273184936, -1.4445946961653944, -22.505792678159267
 -3.575260756141307, -1.5648814847380133, -22.573842200185013
 -3.7863656866851976, -1.649232457744858, -22.63544419603231
 -4.007387007743924, -1.735615977823106, -22.6908365372094
 -4.243631548614264, -1.7741376175930819, -22.73920016607346
 -4.4889523874692765, -1.8048200254956184, -22.78016432186149
 -4.742256142451565, -1.8269677576433188, -22.812941521817734
 -5.004125722826859, -1.8213364130565752, -22.836933570900072
 -5.269566855792032, -1.8239612775592333, -22.85152895151534
 -5.539549869048092, -1.8078709420920163, -22.856246740508176
 -5.812232080082711, -1.7742087069616523, -22.850753872120123
 -6.08431009223266, -1.7470316075961945, -22.8349969917563
 -6.355319080827544, -1.711244790849248, -22.8088930978991
 -6.6238668600162285, -1.6644359881360307, -22.772576010446947
 -6.888270328721433, -1.6108428156606203, -22.726382620339855
 -7.146426313294045, -1.5691974263019148, -22.67113369891114
 -7.397996807879258, -1.5210476846834615, -22.607071772767885
 -7.641816529315779, -1.4688118815311313, -22.53490615693812
 -7.8768890632820545, -1.4146220585571232, -22.45542148130428
 -8.10231986477576, -1.362822577370934, -22.369548146396653
 -8.317324266157165, -1.318473992413287, -22.278303994191894
 -8.521502632434064, -1.269820938724316, -22.182107637755887
 -8.714451268658053, -1.2215904952657544, -22.081942180309987
 -8.895822326369634, -1.1745253856389808, -21.978652178096173
 -9.065354290522391, -1.1291086301730373, -21.873051682507544
 -9.22285453357646, -1.0856201619858732, -21.765918924868608
 -9.368130208999691, -1.0512898661938626, -21.65837812875975
 -9.501129017605738, -1.01799067025238, -21.550708987051543
 -9.62178279504139, -0.9858212434468363, -21.443586124095386
 -9.727720057979768, -0.9547165895095903, -21.33279347343996
 -9.822778726678015, -0.9243302302143462, -21.215875157462204
 -9.913065116154808, -0.8945161573624153, -21.094613677635813
 -9.999221629940978, -0.8672257984469536, -20.968903342739793
 -10.081819523530637, -0.845872102410718, -20.838698552586443
 -10.161397568431815, -0.8241708584577612, -20.703276223006498
 -10.238463507557796, -0.8022008311062425, -20.562294544293003
 -10.31334001067943, -0.7779201058767885, -20.415258071954895
 -10.386641523595939, -0.7566141646968352, -20.262076684083954
 -10.458717402224048, -0.740095682411214, -20.102387664702153
 -10.529886393623826, -0.7228278222405679, -19.935263053815152
 -10.60043416382161, -0.705151522428378, -19.760152817250404
 -10.670581252145823, -0.6897224072483779, -19.57663021419715
 -10.74021674536674, -0.6768186468106224, -19.384090117679634
 -10.809479637940376, -0.6623701170021012, -19.181545077890185
 -10.878325204926572, -0.6475000608604687, -18.96838826544392
 -10.946517684345894, -0.6364882581448094, -18.744268208615523
 -11.013550812726358, -0.6273460000758685, -18.508416240791423
 -11.07883046291813, -0.6171858441113693, -18.260124231192275
 -11.141596615110931, -0.6066386661526256, -17.9990875819543
 -11.200818048723109, -0.6007402868871975, -17.725518285598167
 -11.25541357778098, -0.5941852485219368, -17.439108400394332
 -11.304149295169873, -0.5876311658124052, -17.140325125727323
 -11.345696228438019, -0.5827693640189867, -16.830056883997514
 -11.378641598120385, -0.581801069250646, -16.50960004633707
 -11.401666271237819, -0.5810927957733645, -16.18026189971009
 -11.413647307702883, -0.5812380873773317, -15.843991439130058
 -11.413587048150447, -0.5818366179924711, -15.503015564162794
 -11.400906585305348, -0.5856809562974791, -15.159908516273909
 -11.3753348793491, -0.5916468525378217, -14.817136564236897
 -11.337009534944007, -0.5990005012851429, -14.477200739539366
 -11.286442256265417, -0.6079683454563488, -14.142549359242427
 -11.224292306588682, -0.616996046715197, -13.81542040627027
 -11.151747634970874, -0.6275835275022896, -13.497786969496643
 -11.070174311924662, -0.6399559111117672, -13.19127314022655
 -10.980887179367928, -0.6524797677170958, -12.897164686085615
 -10.885417170247234, -0.6659926262339323, -12.616398322365178
 -10.785377656618365, -0.6809556727575031, -12.349559571904525
 -10.682034283600006, -0.694975398125654, -12.096983060950919
 -10.576907988693147, -0.7101256067347821, -11.858706424725119
 -10.471244160611928, -0.7252455354640619, -11.634572385820004
 -10.366083485180138, -0.7398009605253274, -11.424289031864618
 -10.262544100606986, -0.7549900518176874, -11.227397271050112
 -10.161383095121007, -0.7685498853026717, -11.04339310316539
 -10.063380019795595, -0.782129600916062, -10.871713759936544
 -9.969198346595732, -0.7952764594566183, -10.711748987661942
 -9.879228613269905, -0.8072361711846674, -10.562968510893288
 -9.793972717515558, -0.8200283063765258, -10.42480116401375
 -9.713831890123211, -0.8318646308397216, -10.296627509334261
 -9.63903397445523, -0.842095969087125, -10.177955711077988
 -9.569068084025803, -0.8526537473693095, -10.064976312866532
 -9.501828062565345, -0.8637889127545043, -9.954690303596841
 -9.435499440784373, -0.873283628096138, -9.84775316213685
 -9.370084811855326, -0.8827850752607981, -9.744037382267145
 -9.305561092894408, -0.8929503857026678, -9.643445712474216
 -9.241915387026284, -0.903392093168776, -9.545854429967747
 -9.179125539243588, -0.912857368434932, -9.451116003693647
 -9.117188276492058, -0.9222718934051395, -9.359116439885407
 -9.05608391335378, -0.9315988919749358, -9.269753567992865
 -8.995782929036398, -0.9404553920016672, -9.182933575896453
 -8.936215692708773, -0.948135127237365, -9.098588895354116
 -8.87734086905671, -0.955743084021604, -9.016658648498328
 -8.819125107551821, -0.9633032297742088, -8.937076238226954
 -8.761468349731825, -0.9717836751595545, -8.859859626397977
 -8.704386478948315, -0.9791906855015193, -8.784876118086705
 -8.647824631714633, -0.986298976393495, -8.71208808647418
 -8.591746537259306, -0.9932363569005751, -8.641451570926144
 -8.536111758569408, -0.9999852976597734, -8.572930036065127
 -8.48087768849211, -1.0065305260202244, -8.506493156321476
 -8.42600496895773, -1.0121427073201505, -8.442108717476323
 -8.37142287603111, -1.0172434867089, -8.379777942090364
 -8.317086967989479, -1.0221832013231844, -8.319488433806153
 -8.262958606392163, -1.026947564714356, -8.261225484681852
 -8.208980454254787, -1.0317591599216156, -8.205000053616113
 -8.155099789497845, -1.03678972808116, -8.150821646714386
 -8.101311460112745, -1.041221638568256, -8.098645745638281
 -8.047562314086573, -1.0450875624617042, -8.04848266191131
 -7.993810022825109, -1.0487208773408563, -8.000336651355921
 -7.940016748687424, -1.0521129596483088, -7.95421250903237
 -7.88614446772545, -1.0552555342745538, -7.910117729115568
 -7.832155152134536, -1.0581413910521698, -7.868062230833761
 -7.77801093936038, -1.0607639797004809, -7.82805805793612
 -7.723674236021198, -1.0631172652853838, -7.790119127161832
 -7.669107779246722, -1.065195619898009, -7.754261006462176
 -7.614277804264317, -1.0668885507435706, -7.7204983794189275
 -7.559150407785351, -1.0679843356882712, -7.688848336693126
 -7.503677954788689, -1.0688432395940435, -7.659339135935836
 -7.4478263552950255, -1.0694575005114375, -7.6319897030798165
 -7.3915614696636975, -1.069818956472618, -7.606819998534743
 -7.334849049543541, -1.069920483512663, -7.583850945322796
 -7.277654821893544, -1.0697548926236191, -7.5631041864170925
 -7.219944443965754, -1.0693154509609542, -7.544601979286793
 -7.161683560067476, -1.06859458542388, -7.528366974020007
 -7.102837620392504, -1.067586063820129, -7.514422249039925
 -7.043371996964327, -1.0662824315147086, -7.502791020235784
 -6.983251776396351, -1.06467724917453, -7.493496699975938
 -6.922441776854199, -1.0627637854928995, -7.4865627121342815
 -6.860906485815479, -1.0605348324028299, -7.482012393670093
 -6.7986098331040505, -1.057984734430952, -7.479869067081836
 -6.735515316658263, -1.0551062996270182, -7.480155743815109
 -6.667440222088086, -1.051239226514137, -7.487230993471279
 -6.592406331387881, -1.0461771858723667, -7.5032080711499605
 -6.512212404713586, -1.0403201775917326, -7.526060577458953
 -6.426914000814467, -1.0342183705201053, -7.555542256634146
 -6.336583038054813, -1.0280052715909034, -7.591381773207843
 -6.241353688357276, -1.021075622166018, -7.63323960478997
 -6.14132302061394, -1.0131779142437922, -7.680822561105556
 -6.036589714064445, -1.004134827955125, -7.73383799748999
 -5.927215619617671, -0.9943763722054848, -7.792017154645995
 -5.813236481072239, -0.984369538416196, -7.855132618792194
 -5.694627464967377, -0.9749762447805541, -7.923023991702211
 -5.571575394830471, -0.9647916975531513, -7.995350655655358
 -5.444156777637552, -0.9538391935166088, -8.071894335211816
 -5.312473712029815, -0.941621250158635, -8.152464980794054
 -5.176401867290705, -0.9304627886802819, -8.237044958054305
 -5.036204737284621, -0.9184552177521563, -8.325348409993488
 -4.8919893344428065, -0.9056428732848361, -8.417261123676244
 -4.743756111107513, -0.8932581063421567, -8.512783662279645
 -4.591621944818424, -0.8810310942823263, -8.611914070891016
 -4.435940863580237, -0.8671990603831414, -8.714535575739314
 -4.276816117725474, -0.8531583214555547, -8.820702088459878
 -4.114328448479014, -0.8401843151728922, -8.930575358196341
 -3.9489989725634262, -0.8261931590389928, -9.044119785346659
 -3.781144506810307, -0.8117082216232268, -9.16145084924091
 -3.61095821479372, -0.7985330164097895, -9.28279265353386
 -3.4392182627854835, -0.7841941170688571, -9.408136525484053
 -3.266458993780231, -0.769166481003556, -9.537575980230176
 -3.093049694070282, -0.7555083317503749, -9.671268409422161
 -2.920021963646815, -0.7406905681949624, -9.809110935485581
 -2.7481413436771547, -0.7249666943085321, -9.951024103083697
 -2.577950581291288, -0.7103560763078666, -10.096921953869767
 -2.4105093619438365, -0.695307983192608, -10.246490382744993
 -2.246729270711516, -0.6796078980753648, -10.399323051149633
 -2.0874329310164006, -0.6635128186210787, -10.554916749194573
 -1.9331764242590217, -0.6485621638226877, -10.712717367861607
 -1.7848486222181488, -0.6337814626501056, -10.871969723302312
 -1.6433872473338051, -0.6174704261135777, -11.031822991065566
 -1.5091101265889995, -0.6011524250157528, -11.191414267120006
 -1.3823767085684846, -0.5852812594243093, -11.349814768594337
 -1.2636659404959039, -0.5689494981202715, -11.506033399757175
 -1.153169133354608, -0.5522004205574911, -11.659113339491972
 -1.0506907999996096, -0.5364915333936958, -11.808167416955225
 -0.9565405388254331, -0.5201480934592142, -11.952196433073688
 -0.8703918381622096, -0.5042257792899082, -12.090409052384214
 -0.7918325479027963, -0.48977159028924444, -12.222082882962217
 -0.7212460041429285, -0.47389885995134595, -12.346246164870092
 -0.6576317007679338, -0.4598512432762243, -12.462513484837336
 -0.6009384572007237, -0.44645508956309143, -12.570169800390708
 -0.5510005347651106, -0.4330295830498945, -12.668593936943536
 -0.5069911465836281, -0.4217143340971883, -12.757546590704262
 -0.4689242184959177, -0.4105852266176009, -12.836581628731363
 -0.43469925574447554, -0.3994661699884827, -12.909794049241585
 -0.40222732612916356, -0.38916919312268183, -12.981471212662552
 -0.37192748392214536, -0.37761524022970394, -13.051294321418986
 -0.3431565229515625, -0.3670031716670408, -13.119635407974302
 -0.31588191046126735, -0.3571079391054144, -13.186475735807283
 -0.29040564241778544, -0.3464037823421261, -13.251558722062969
 -0.26672563629214174, -0.33459070961306747, -13.31483143724153
 -0.24428157311398735, -0.3235574372860831, -13.376670986819283
 -0.22335740467108156, -0.31191825004196705, -13.43682043213067
 -0.20394807230214607, -0.2994238310307149, -13.495240976905233
 -0.18526578321278997, -0.2888323688789546, -13.552564239307092
 -0.16768310824921073, -0.27847218211045477, -13.60846045566791
 -0.15186094859873212, -0.26561295622653613, -13.662296068140908
 -0.13688695610777923, -0.25349775127846264, -13.714860128451052
 -0.12271673910134506, -0.24208287210530943, -13.766184633331742
 -0.10997803124678196, -0.2288200962643162, -13.81562796846504
 -0.09769783032943291, -0.21716914879933724, -13.864136450978057
 -0.08610079179510866, -0.20611327002750857, -13.911483567376026
 -0.07560873913900856, -0.19391965460612426, -13.957200961236294
 -0.06626776294862502, -0.1802663623147137, -14.001194237638554
 -0.05745917500442754, -0.1673056874650115, -14.044124584371373
 -0.0486965806924573, -0.15669606754425836, -14.086566166339622
 -0.041263211916422904, -0.14355844510533688, -14.127004110428764
 -0.03428557986767, -0.13100071699467963, -14.166449268661497
 -0.027738384138384475, -0.11899888635780853, -14.204934100855736
 -0.022025227743797338, -0.10595186301193282, -14.241933851159978
 -0.017129687509046754, -0.0918147410249367, -14.277433229567398
 -0.012062270346268278, -0.08014081197063005, -14.312744594745912
 -0.00734327393823353, -0.06891790900501049, -14.34719307632248
 -0.0036061722962612563, -0.055714361602363316, -14.379876586116007
 -3.806192252504559E-4, -0.0421813794467355, -14.41142210202483
 0.0025846487010152686, -0.02916816756256657, -14.44218777436517
 0.005500923833293037, -0.017383583692798243, -14.47250231210094
 0.0, 0.0, -14.460645136491715
 0.0, 0.0, -14.460645136491715
 0.0, 0.0, -14.460645136491715
 0.0, 0.0, -14.460645136491715
 0.0, 0.0, -14.460645136491715
 0.0, 0.0, -14.460645136491715
 0.0, 0.0, -14.460645136491715
 0.0, 0.0, -14.460645136491715
 0.0, 0.0, -14.460645136491715
 0.0, 0.0, -14.460645136491715
 0.0, 0.0, -14.460645136491715
 0.0, 0.0, -14.460645136491715
 0.0, 0.0, -14.460645136491715
 0.0, 0.0, -14.460645136491715
 0.0, 0.0, -14.460645136491715
 0.0, 0.0, -14.460645136491715
 0.0, 0.0, -14.460645136491715
 0.0, 0.0, -14.460645136491715
 0.0, 0.0, -14.460645136491715
 0.0, 0.0, -14.460645136491715
 0.0, 0.0, -14.460645136491715
 0.0, 0.0, -14.460645136491715
 0.0, 0.0, -14.460645136491715
 0.0, 0.0, -14.460645136491715
 0.0, 0.0, -14.460645136491715
 0.0, 0.0, -14.460645136491715
 0.0, 0.0, -14.460645136491715
 0.0, 0.0, -14.460645136491715
 0.0, 0.0, -14.460645136491715
 0.0, 0.0, -14.460645136491715
 0.0, 0.0, -14.460645136491715
 0.0, 0.0, -14.460645136491715
 0.0, 0.0, -14.460645136491715
 0.0, 0.0, -14.460645136491715
 0.0, 0.0, -14.460645136491715
 0.0, 0.0, -14.460645136491715
 0.0, 0.0, -14.460645136491715
 0.0, 0.0, -14.460645136491715
 0.0, 0.0, -14.460645136491715
 0.0, 0.0, -14.460645136491715
 0.0, 0.0, -14.460645136491715
 0.0, 0.0, -14.460645136491715
 0.0, 0.0, -14.460645136491715
 0.0, 0.0, -14.460645136491715
 0.0, 0.0, -14.460645136491715
 0.0, 0.0, -14.460645136491715
 0.0, 0.0, -14.460645136491715
 0.0, 0.0, -14.460645136491715
 0.0, 0.0, -14.460645136491715
 0.0, 0.0, -14.460645136491715
 0.0, 0.0, -14.460645136491715
 0.0, 0.0, -14.460645136491715
 0.0, 0.0, -14.460645136491715
 0.0, 0.0, -14.460645136491715
 0.0, 0.0, -14.460645136491715
 0.0, 0.0, -14.460645136491715
 0.0, 0.0, -14.460645136491715
 0.0, 0.0, -14.460645136491715
 0.0, 0.0, -14.460645136491715
 0.0, 0.0, -14.460645136491715
 0.0, 0.0, -14.460645136491715
 0.0, 0.0, -14.460645136491715
 0.0, 0.0, -14.460645136491715
 0.0, 0.0, -14.460645136491715
 0.0, 0.0, -14.460645136491715
 0.0, 0.0, -14.460645136491715
